"id","shortname","manufacturer","name","type","priority","eid","ename","speed","fuel","co2","cost","capacity","rwy","check_cost","range","ceil","maint","pilots","crew","engineers","technicians","img","wingspan","length"
1,"b744","Boeing","B747-400","pax",0,4,"PW4056",982.3,22.89,0.18,92136845,416,10250,7140605,14500,40000,330,2,13,4,4,"assets/img/aircraft/png/747-8.png",64,70
1,"b744","Boeing","B747-400","pax",1,2,"GE CF6-80C2b5F",946.58,21.21,0.18,92136845,416,10250,7140605,14500,40000,330,2,13,4,4,"assets/img/aircraft/png/747-8.png",64,70
1,"b744","Boeing","B747-400","pax",2,3,"RR RB211-524",884.07,20.79,0.18,92136845,416,10250,7140605,14500,40000,330,2,13,4,4,"assets/img/aircraft/png/747-8.png",64,70
1,"b744","Boeing","B747-400","pax",3,1,"PW4062",866.21,20.16,0.18,92136845,416,10250,7140605,14500,40000,330,2,13,4,4,"assets/img/aircraft/png/747-8.png",64,70
2,"a388","Airbus","A380-800","pax",0,7,"RR Trent 972",1048.95,22.26,0.16,215629503,600,9680,6468885,14500,40000,450,2,18,6,16,"assets/img/aircraft/png/a380.png",79,72
2,"a388","Airbus","A380-800","pax",1,5,"GP7270",963.9,22.89,0.16,215629503,600,9680,6468885,14500,40000,450,2,18,6,16,"assets/img/aircraft/png/a380.png",79,72
2,"a388","Airbus","A380-800","pax",2,6,"RR Trent 970",916.65,18.9,0.16,215629503,600,9680,6468885,14500,40000,450,2,18,6,16,"assets/img/aircraft/png/a380.png",79,72
3,"b738","Boeing","B737-800","pax",0,8,"CFM56-7B27",725.4,9.4,0.12,4407858,184,7550,231413,7000,40000,470,2,4,2,2,"assets/img/aircraft/png/737.gif",35,42
4,"a3192","Airbus","A319-200","pax",0,10,"CFM56-5",834.6,8.4,0.1,5093525,117,6850,292878,7000,40000,470,2,3,2,2,"assets/img/aircraft/png/a319.png",35,37
4,"a3192","Airbus","A319-200","pax",1,9,"IAE V2500",756.6,7.76,0.1,5093525,117,6850,292878,7000,40000,470,2,3,2,2,"assets/img/aircraft/png/a319.png",35,37
5,"a322","Airbus","A320-200","pax",0,10,"CFM56-5",880.61,11.55,0.14,6770196,164,6500,524690,5700,40000,360,2,4,2,2,"assets/img/aircraft/png/a320.png",35,37
5,"a322","Airbus","A320-200","pax",1,9,"IAE V2500",798.31,10.67,0.14,6770196,164,6500,524690,5700,40000,360,2,4,2,2,"assets/img/aircraft/png/a320.png",35,37
6,"md80","McDonnell Douglas","MD80","pax",0,12,"P&W JT8D-219",867.77,17.44,0.2,2161616,130,2000,210758,6000,40000,340,2,4,2,3,"assets/img/aircraft/png/md80.png",32,45
6,"md80","McDonnell Douglas","MD80","pax",1,11,"P&W JT8D-209",819.11,16.96,0.2,2161616,130,2000,210758,6000,40000,340,2,4,2,3,"assets/img/aircraft/png/md80.png",32,45
7,"a333","Airbus","A330-300","pax",0,15,"RR Trent 700",958.1,19.26,0.22,43330073,335,9090,3033105,10000,40000,450,2,11,2,2,"assets/img/aircraft/png/a330-300.png",60,63
7,"a333","Airbus","A330-300","pax",1,14,"PW4000",862.29,18,0.22,43330073,335,9090,3033105,10000,40000,450,2,11,2,2,"assets/img/aircraft/png/a330-300.png",60,63
7,"a333","Airbus","A330-300","pax",2,13,"CF6-80E1",801.32,16.74,0.22,43330073,335,9090,3033105,10000,40000,450,2,11,2,2,"assets/img/aircraft/png/a330-300.png",60,63
8,"a343","Airbus","A340-300","pax",0,19,"CFM56-5C4P",1003.52,21.4,0.25,55469568,335,10200,3605522,14000,40000,470,2,10,2,2,"assets/img/aircraft/png/a340-300.png",60,63
8,"a343","Airbus","A340-300","pax",1,17,"CFM56-5C3",949.76,20.2,0.25,55469568,335,10200,3605522,14000,40000,470,2,10,2,2,"assets/img/aircraft/png/a340-300.png",60,63
8,"a343","Airbus","A340-300","pax",2,16,"CFM56-5C2",931.84,20.6,0.25,55469568,335,10200,3605522,14000,40000,470,2,10,2,2,"assets/img/aircraft/png/a340-300.png",60,63
8,"a343","Airbus","A340-300","pax",3,18,"CFM56-5C4",869.12,20,0.25,55469568,335,10200,3605522,14000,40000,470,2,10,2,2,"assets/img/aircraft/png/a340-300.png",60,63
9,"crj200","Bombardier","CRJ 200","pax",0,20,"GE CF34-3B1",801.9,6.72,0.09,621621,50,2000,41959,3500,40000,450,2,2,1,1,"assets/img/aircraft/png/crj200.png",21,27
10,"bae146","British Aerospace","BAe146","pax",0,21,"Honeywell ALF 502R-5",675,9.3,0.12,762450,85,6500,68621,2000,40000,330,2,2,1,1,"assets/img/aircraft/png/bae146.png",26,28
11,"ch300","Bombardier","Challenger 300","pax",0,22,"GE CF34-3A",944.61,10.1,0.12,223915,16,3500,8397,3000,40000,480,2,1,1,1,"assets/img/aircraft/png/challenger300.png",19,20
12,"c172","Cessna","Cessna 172","pax",0,23,"Lycomming IO-360-L2A",221.48,3.76,0.05,51000,3,2500,2341,1000,14000,400,1,0,1,1,"assets/img/aircraft/png/cessna172.png",11,8
13,"b752","Boeing","B757-200","pax",0,27,"PW2043",867,12.96,0.15,9723701,200,7800,899442,7222,40000,370,2,5,2,3,"assets/img/aircraft/png/b757.png",38,47
13,"b752","Boeing","B757-200","pax",1,25,"PW2037",841.5,11.16,0.15,9723701,200,7800,899442,7222,40000,370,2,5,2,3,"assets/img/aircraft/png/b757.png",38,47
13,"b752","Boeing","B757-200","pax",2,24,"RR RB211",799,12,0.15,9723701,200,7800,899442,7222,40000,370,2,5,2,3,"assets/img/aircraft/png/b757.png",38,47
13,"b752","Boeing","B757-200","pax",3,26,"PW2040",773.5,10.8,0.15,9723701,200,7800,899442,7222,40000,370,2,5,2,3,"assets/img/aircraft/png/b757.png",38,47
14,"concorde","Aerospatiale","Concorde","pax",0,28,"RR/SNECMA Olympus 593 MK610 Afterburning",1932.84,32.9,0.35,407808000,120,11800,43839360,7500,40000,330,3,8,2,8,"assets/img/aircraft/png/concorde.png",25,61
15,"b772lr","Boeing","B777-200LR","pax",0,30,"GE90-115B",986.45,19.19,0.24,65912406,300,11000,2142153,14500,40000,490,2,10,2,3,"assets/img/aircraft/png/b777-200lr.png",64,63
15,"b772lr","Boeing","B777-200LR","pax",1,29,"GE90-110B",877.85,17.86,0.24,65912406,300,11000,2142153,14500,40000,490,2,10,2,3,"assets/img/aircraft/png/b777-200lr.png",64,63
16,"a3212","Airbus","A321-200","pax",0,10,"CFM56-5",834.6,18.9,0.15,8154432,220,7250,509652,6000,40000,500,2,4,2,2,"assets/img/aircraft/png/a321.png",34,44
16,"a3212","Airbus","A321-200","pax",1,9,"IAE V2500",756.6,17.46,0.15,8154432,220,7250,509652,6000,40000,500,2,4,2,2,"assets/img/aircraft/png/a321.png",34,44
17,"b788","Boeing","B787-8","pax",0,31,"RR Trent 1000",821.73,15.2,0.2,19411920,250,9000,679417,14500,40000,450,2,8,2,2,"assets/img/aircraft/png/787.png",60,56
17,"b788","Boeing","B787-8","pax",1,32,"GE GEnx",812.7,14.4,0.2,19411920,250,9000,679417,14500,40000,450,2,8,2,2,"assets/img/aircraft/png/787.png",60,56
18,"legacy60","Embraer","Legacy 600","pax",0,33,"RR AE3007",783.96,8,0.1,360159,13,2000,17108,6060,40000,490,2,1,1,1,"assets/img/aircraft/png/legacy600.png",21,26
19,"erj191ar","Embraer","ERJ 190-100AR","pax",0,34,"GE CF34-10E",870.35,10.1,0.12,2472381,110,2000,86533,4448,40000,490,2,2,1,1,"assets/img/aircraft/png/erj190-100.png",28,36
20,"a346","Airbus","A340-600","pax",0,35,"RR Trent 556",870.72,20.68,0.28,69887329,380,10200,3144930,14630,40000,460,2,11,2,2,"assets/img/aircraft/png/a340-600.png",60,58
21,"b762er","Boeing","B767-200ER","pax",0,37,"GE CF6-80C2",995.17,16.32,0.2,14114834,224,7800,1305622,12200,40000,350,2,7,2,4,"assets/img/aircraft/png/b767.png",48,49
21,"b762er","Boeing","B767-200ER","pax",1,36,"PW4094",976.91,17.6,0.2,14114834,224,7800,1305622,12200,40000,350,2,7,2,4,"assets/img/aircraft/png/b767.png",48,49
22,"atr7250","Aerospatiale","ATR 72-500","pax",0,38,"PW127M",552.63,11.44,0.14,365902,64,6500,20125,1650,25000,480,2,2,1,1,"assets/img/aircraft/png/atr72.png",27,27
23,"atr4250","Aerospatiale","ATR 42-500","pax",0,39,"PW127E",550.44,14.88,0.2,122750,50,6500,10741,1611,25000,340,2,2,1,1,"assets/img/aircraft/png/atr42.png",24,22
24,"md11","McDonnell Douglas","MD-11","pax",0,40,"PW4460",928.56,24.48,0.3,57269139,410,2000,4724704,12655,40000,370,3,13,4,5,"assets/img/aircraft/png/md11.png",52,62
24,"md11","McDonnell Douglas","MD-11","pax",1,41,"PW4462",919.8,25.2,0.3,57269139,410,2000,4724704,12655,40000,370,3,13,4,5,"assets/img/aircraft/png/md11.png",52,62
24,"md11","McDonnell Douglas","MD-11","pax",2,42,"GE CF6-80C2D1F",788.4,23.28,0.3,57269139,410,2000,4724704,12655,40000,370,3,13,4,5,"assets/img/aircraft/png/md11.png",52,62
25,"dhc8q4","Bombardier","DHC-8-Q400","pax",0,43,"PW150A",733.7,9.9,0.11,804752,70,2000,38226,2522,25000,480,2,2,1,2,"assets/img/aircraft/png/q400.png",28,33
26,"sj1095","Sukhoi","Superjet 100-95","pax",0,44,"SaM146",839.45,9.63,0.11,1610270,98,2000,32205,2950,35000,500,2,2,1,2,"assets/img/aircraft/png/superjet100-95.png",28,30
27,"b722","Boeing","B727-200","pax",0,45,"JT8D-7",972.06,15.15,0.19,4883110,189,6450,671428,4450,40000,340,3,8,2,5,"assets/img/aircraft/png/b727.png",33,47
28,"a359","Airbus","A350-900","pax",0,46,"RR Trent XWB",859.95,15.98,0.21,70503048,314,8760,1410061,14500,40000,550,2,10,2,3,"assets/img/aircraft/png/a350-900.png",64,66
29,"tu154","Tupolev","Tu-154","pax",0,47,"Soloviev D-30KU-154",893,14.88,0.2,5107721,180,2000,600157,5280,35000,390,3,8,2,4,"assets/img/aircraft/png/tu154.png",38,48
30,"l11012","Lockheed","L-1011-200","pax",0,48,"RR RB211-524B",837.9,17.28,0.22,24777200,263,2000,2663549,7420,35000,370,3,9,2,4,"assets/img/aircraft/png/l1011-200.png",47,54
31,"b773er","Boeing","B777-300ER","pax",0,30,"GE90-115B",1035.5,19.19,0.24,68243786,350,11000,2900361,14685,40000,460,2,11,2,3,"assets/img/aircraft/png/b777-300.png",65,74
32,"b753","Boeing","B757-300","pax",0,27,"PW2043",867,18.36,0.21,7002640,243,7800,367639,6421,40000,470,2,9,2,5,"assets/img/aircraft/png/b757.png",38,54
32,"b753","Boeing","B757-300","pax",1,25,"PW2037",841.5,15.81,0.21,7002640,243,7800,367639,6421,40000,470,2,9,2,5,"assets/img/aircraft/png/b757.png",38,54
32,"b753","Boeing","B757-300","pax",2,24,"RR RB211",799,17,0.21,7002640,243,7800,367639,6421,40000,470,2,9,2,5,"assets/img/aircraft/png/b757.png",38,54
32,"b753","Boeing","B757-300","pax",3,26,"PW2040",773.5,15.3,0.21,7002640,243,7800,367639,6421,40000,470,2,9,2,5,"assets/img/aircraft/png/b757.png",38,54
33,"a3181","Airbus","A318-100","pax",0,10,"CFM56-5",834.6,8.4,0.1,4380431,117,6500,175217,6020,40000,450,2,3,2,3,"assets/img/aircraft/png/a318.png",34,31
33,"a3181","Airbus","A318-100","pax",1,49,"PW6122A",764.4,7.44,0.1,4380431,117,6500,175217,6020,40000,450,2,3,2,3,"assets/img/aircraft/png/a318.png",34,31
34,"b731","Boeing","B737-100","pax",0,45,"JT8D-7",795.6,12.12,0.15,1514699,118,7550,193124,3440,40000,360,2,4,2,7,"assets/img/aircraft/png/737.gif",28,29
35,"b748","Boeing","B747-8","pax",0,50,"GEnx-2B67",1096.68,21.84,0.26,121097727,467,10250,4238420,14815,40000,500,2,13,6,5,"assets/img/aircraft/png/747-8.png",68,76
36,"b763er","Boeing","B767-300ER","pax",0,51,"RR RB211-524H",936.1,20.2,0.25,33435451,269,7800,2674836,11065,40000,370,2,9,2,5,"assets/img/aircraft/png/b767.png",48,55
36,"b763er","Boeing","B767-300ER","pax",1,37,"GE CF6-80C2",927.59,20.4,0.25,33435451,269,7800,2674836,11065,40000,370,2,9,2,5,"assets/img/aircraft/png/b767.png",48,55
36,"b763er","Boeing","B767-300ER","pax",2,36,"PW4094",910.57,22,0.25,33435451,269,7800,2674836,11065,40000,370,2,9,2,5,"assets/img/aircraft/png/b767.png",48,55
37,"b764er","Boeing","B767-400ER","pax",0,37,"GE CF6-80C2",927.59,21.42,0.26,33694208,304,7800,2695537,10415,40000,360,2,10,2,5,"assets/img/aircraft/png/b767.png",52,61
37,"b764er","Boeing","B767-400ER","pax",1,36,"PW4094",910.57,23.1,0.26,33694208,304,7800,2695537,10415,40000,360,2,10,2,5,"assets/img/aircraft/png/b767.png",52,61
38,"a332","Airbus","A330-200","pax",0,15,"RR Trent 700",958.1,18.19,0.21,43631874,253,9090,2290673,12500,40000,460,2,8,2,4,"assets/img/aircraft/png/a330-200.png",60,59
38,"a332","Airbus","A330-200","pax",1,14,"PW4000",862.29,17,0.21,43631874,253,9090,2290673,12500,40000,460,2,8,2,4,"assets/img/aircraft/png/a330-200.png",60,59
38,"a332","Airbus","A330-200","pax",2,13,"CF6-80E1",801.32,15.81,0.21,43631874,253,9090,2290673,12500,40000,460,2,8,2,4,"assets/img/aircraft/png/a330-200.png",60,59
39,"a342","Airbus","A340-200","pax",0,17,"CFM56-5C3",949.76,18.18,0.22,15688189,239,9810,1019732,14800,40000,500,2,8,2,5,"assets/img/aircraft/png/a340-200.png",60,59
39,"a342","Airbus","A340-200","pax",1,16,"CFM56-5C2",931.84,18.54,0.22,15688189,239,9810,1019732,14800,40000,500,2,8,2,5,"assets/img/aircraft/png/a340-200.png",60,59
39,"a342","Airbus","A340-200","pax",2,18,"CFM56-5C4",869.12,18,0.22,15688189,239,9810,1019732,14800,40000,500,2,8,2,5,"assets/img/aircraft/png/a340-200.png",60,59
40,"a345","Airbus","A340-500","pax",0,52,"RR Trent 553",861.65,17.1,0.24,66262163,313,10200,2816142,14500,40000,480,2,10,2,4,"assets/img/aircraft/png/a340-500.png",63,68
41,"b737","Boeing","B737-700","pax",0,53,"CFM 56-7",761.76,10.45,0.14,4085576,149,7550,214493,6230,40000,500,2,4,2,3,"assets/img/aircraft/png/737.gif",36,42
42,"b737er","Boeing","B737-700ER","pax",0,54,"CFM56-7B",770.04,10.78,0.14,5656525,126,7550,169696,10200,40000,460,2,2,2,3,"assets/img/aircraft/png/737.gif",36,42
43,"b737c","Boeing","B737-700C","pax",0,55,"CFM56-7",831.23,11.11,0.14,3118288,120,7550,171506,5940,40000,480,2,2,2,3,"assets/img/aircraft/png/737.gif",36,42
44,"b734","Boeing","B737-400","pax",0,56,"CFM-56-3B-2",733.2,14,0.18,3282313,159,7550,270791,4010,40000,330,2,4,2,5,"assets/img/aircraft/png/737.gif",29,36
45,"b735","Boeing","B737-500","pax",0,57,"CFM-56-3B-1",717.6,11.7,0.16,1856353,123,7550,148508,4449,40000,370,2,5,2,6,"assets/img/aircraft/png/737.gif",36,31
46,"b736","Boeing","B737-600","pax",0,53,"CFM 56-7",761.76,11.4,0.15,2460985,110,7550,129202,5648,40000,480,2,3,1,4,"assets/img/aircraft/png/737.gif",36,31
47,"a3b22","Airbus","A300B2-200","pax",0,58,"CF6-50C",863.94,19.08,0.22,11605297,269,7625,1305596,3430,40000,350,3,9,2,5,"assets/img/aircraft/png/a300.png",45,54
47,"a3b22","Airbus","A300B2-200","pax",1,59," PW JT9D-9",762.3,16.38,0.22,11605297,269,7625,1305596,3430,40000,350,3,9,2,5,"assets/img/aircraft/png/a300.png",45,54
48,"b739er","Boeing","B737-900ER","pax",0,55,"CFM56-7",831.23,11.11,0.14,9225912,215,7550,507425,5925,40000,500,2,5,2,2,"assets/img/aircraft/png/737.gif",36,42
49,"a3b42","Airbus","A300B4-200","pax",0,58,"CF6-50C",863.94,19.08,0.22,21315852,269,7625,1971716,6300,40000,330,3,9,2,5,"assets/img/aircraft/png/a300.png",45,54
49,"a3b42","Airbus","A300B4-200","pax",1,59," PW JT9D-9",762.3,16.38,0.22,21315852,269,7625,1971716,6300,40000,330,3,9,2,5,"assets/img/aircraft/png/a300.png",45,54
50,"b739","Boeing","B737-900","pax",0,55,"CFM56-7",836.28,10.1,0.12,5535200,177,7550,193732,3815,40000,470,2,4,2,2,"assets/img/aircraft/png/737.gif",36,42
51,"a306","Airbus","A300-600","pax",0,63,"PW-4158",980,17.17,0.21,24683135,267,7625,2098066,6670,40000,330,2,9,2,5,"assets/img/aircraft/png/a300.png",45,54
51,"a306","Airbus","A300-600","pax",1,60,"CF6-80C2A1",962.5,18.02,0.21,24683135,267,7625,2098066,6670,40000,330,2,9,2,5,"assets/img/aircraft/png/a300.png",45,54
51,"a306","Airbus","A300-600","pax",2,61,"CF6-80C2A5",813.75,15.47,0.21,24683135,267,7625,2098066,6670,40000,330,2,9,2,5,"assets/img/aircraft/png/a300.png",45,54
51,"a306","Airbus","A300-600","pax",3,62,"PW-4156",813.75,17,0.21,24683135,267,7625,2098066,6670,40000,330,2,9,2,5,"assets/img/aircraft/png/a300.png",45,54
52,"a306r","Airbus","A300-600R","pax",0,60,"CF6-80C2A1",962.5,18.02,0.21,27773153,267,7625,2152419,7505,40000,370,2,9,2,6,"assets/img/aircraft/png/a300.png",45,54
52,"a306r","Airbus","A300-600R","pax",1,65,"PW 4158",945,17.17,0.21,27773153,267,7625,2152419,7505,40000,370,2,9,2,6,"assets/img/aircraft/png/a300.png",45,54
52,"a306r","Airbus","A300-600R","pax",2,64,"PW 4156",831.25,16.66,0.21,27773153,267,7625,2152419,7505,40000,370,2,9,2,6,"assets/img/aircraft/png/a300.png",45,54
52,"a306r","Airbus","A300-600R","pax",3,61,"CF6-80C2A5",813.75,15.47,0.21,27773153,267,7625,2152419,7505,40000,370,2,9,2,6,"assets/img/aircraft/png/a300.png",45,54
53,"a312","Airbus","A310-200","pax",0,66,"JT9D-7R4D1",935,17.28,0.2,27466560,280,7000,2540657,6800,40000,340,2,10,2,5,"assets/img/aircraft/png/a310.png",44,47
53,"a312","Airbus","A310-200","pax",1,67,"CF6-80A3",918,17.12,0.2,27466560,280,7000,2540657,6800,40000,340,2,10,2,5,"assets/img/aircraft/png/a310.png",44,47
53,"a312","Airbus","A310-200","pax",2,70,"PW 4152",918,16.8,0.2,27466560,280,7000,2540657,6800,40000,340,2,10,2,5,"assets/img/aircraft/png/a310.png",44,47
53,"a312","Airbus","A310-200","pax",3,69,"CF6-80C2A8",816,14.88,0.2,27466560,280,7000,2540657,6800,40000,340,2,10,2,5,"assets/img/aircraft/png/a310.png",44,47
53,"a312","Airbus","A310-200","pax",4,64,"PW 4156",807.5,15.68,0.2,27466560,280,7000,2540657,6800,40000,340,2,10,2,5,"assets/img/aircraft/png/a310.png",44,47
53,"a312","Airbus","A310-200","pax",5,68,"CF6-80C2A2",765,15.68,0.2,27466560,280,7000,2540657,6800,40000,340,2,10,2,5,"assets/img/aircraft/png/a310.png",44,47
55,"a313","Airbus","A310-300","pax",0,66,"JT9D-7R4D1",935,17.28,0.2,38776320,280,6000,3295987,9600,40000,340,2,9,2,5,"assets/img/aircraft/png/a310.png",44,47
55,"a313","Airbus","A310-300","pax",1,67,"CF6-80A3",918,17.12,0.2,38776320,280,6000,3295987,9600,40000,340,2,9,2,5,"assets/img/aircraft/png/a310.png",44,47
55,"a313","Airbus","A310-300","pax",2,70,"PW 4152",918,16.8,0.2,38776320,280,6000,3295987,9600,40000,340,2,9,2,5,"assets/img/aircraft/png/a310.png",44,47
55,"a313","Airbus","A310-300","pax",3,69,"CF6-80C2A8",816,14.88,0.2,38776320,280,6000,3295987,9600,40000,340,2,9,2,5,"assets/img/aircraft/png/a310.png",44,47
55,"a313","Airbus","A310-300","pax",4,64,"PW 4156",807.5,15.68,0.2,38776320,280,6000,3295987,9600,40000,340,2,9,2,5,"assets/img/aircraft/png/a310.png",44,47
55,"a313","Airbus","A310-300","pax",5,68,"CF6-80C2A2",765,15.68,0.2,38776320,280,6000,3295987,9600,40000,340,2,9,2,5,"assets/img/aircraft/png/a310.png",44,47
56,"il1141","Ilyushin","Il-114-100","pax",0,72,"N/A",465,9.6,0.12,382720,64,2000,20093,2000,25000,470,2,2,1,2,"assets/img/aircraft/png/Il-114.png",30,27
58,"a358","Airbus","A350-800","pax",0,46,"RR Trent XWB",859.95,15.98,0.21,62240270,270,8760,1400406,14500,40000,530,2,9,2,3,"assets/img/aircraft/png/a350-900.png",65,61
59,"a359r","Airbus","A350-900R","pax",0,46,"RR Trent XWB",859.95,15.98,0.21,82723576,314,8760,1654472,14500,40000,520,2,10,2,3,"assets/img/aircraft/png/a350-900.png",65,67
60,"a351","Airbus","A350-1000","pax",0,46,"RR Trent XWB",859.95,15.98,0.21,77538384,350,8760,1550768,14800,40000,500,2,11,2,3,"assets/img/aircraft/png/a350-1000.png",65,74
61,"b741","Boeing","B747-100","pax",0,77,"GE CF645A2",937.65,23.32,0.28,44393752,366,10250,5660203,9800,40000,370,3,11,2,8,"assets/img/aircraft/png/747-100.png",60,71
61,"b741","Boeing","B747-100","pax",1,75,"PW JT9D7A",875.14,20.24,0.28,44393752,366,10250,5660203,9800,40000,370,3,11,2,8,"assets/img/aircraft/png/747-100.png",60,71
61,"b741","Boeing","B747-100","pax",2,76,"PW JT9D7F",866.21,20.24,0.28,44393752,366,10250,5660203,9800,40000,370,3,11,2,8,"assets/img/aircraft/png/747-100.png",60,71
62,"b742b","Boeing","B747-200B","pax",0,79,"CF6-50E2",839.42,21.34,0.28,57530678,366,10250,7047508,12700,40000,360,3,11,2,8,"assets/img/aircraft/png/747-200b.png",60,71
62,"b742b","Boeing","B747-200B","pax",1,78,"JT9D-7R4J2",821.56,21.34,0.28,57530678,366,10250,7047508,12700,40000,360,3,11,2,8,"assets/img/aircraft/png/747-200b.png",60,71
62,"b742b","Boeing","B747-200B","pax",2,80,"RB211-524D4",821.56,21.34,0.28,57530678,366,10250,7047508,12700,40000,360,3,11,2,8,"assets/img/aircraft/png/747-200b.png",60,71
63,"b743","Boeing","B747-300","pax",0,81,"JT9D-7R4G2",973.37,22.66,0.28,63231515,412,10250,6165073,12400,40000,370,3,13,4,6,"assets/img/aircraft/png/747-300.png",60,71
63,"b743","Boeing","B747-300","pax",1,82,"CF6-80C2B1",884.07,20.68,0.28,63231515,412,10250,6165073,12400,40000,370,3,13,4,6,"assets/img/aircraft/png/747-300.png",60,71
63,"b743","Boeing","B747-300","pax",2,80,"RB211-524D4",821.56,21.34,0.28,63231515,412,10250,6165073,12400,40000,370,3,13,4,6,"assets/img/aircraft/png/747-300.png",60,71
64,"b744er","Boeing","B747-400ER","pax",0,1,"PW4062",866.21,20.16,0.26,97556659,416,10250,4146158,14500,40000,450,2,13,4,5,"assets/img/aircraft/png/747-8.png",64,71
64,"b744er","Boeing","B747-400ER","pax",1,83,"CF6-80C2B5F",803.7,19.32,0.26,97556659,416,10250,4146158,14500,40000,450,2,13,4,5,"assets/img/aircraft/png/747-8.png",64,71
66,"b783","Boeing","787-3","pax",0,31,"RR Trent 1000",821.73,15.2,0.2,28573835,330,9000,1000084,5650,40000,450,2,10,2,2,"assets/img/aircraft/png/787.png",52,57
66,"b783","Boeing","787-3","pax",1,32,"GE GEnx",812.7,14.4,0.2,28573835,330,9000,1000084,5650,40000,450,2,10,2,2,"assets/img/aircraft/png/787.png",52,57
67,"b789","Boeing","B787-9","pax",0,31,"RR Trent 1000",821.73,15.2,0.2,69997851,290,9000,2449925,14500,40000,500,2,10,2,2,"assets/img/aircraft/png/787.png",60,63
67,"b789","Boeing","B787-9","pax",1,32,"GE GEnx",812.7,14.4,0.2,69997851,290,9000,2449925,14500,40000,500,2,10,2,2,"assets/img/aircraft/png/787.png",60,63
68,"b744c","Boeing","B747-400C","pax",0,89,"RB211-524H2-T",1010.1,22.05,0.26,72722924,410,10250,5454219,13360,40000,370,3,13,4,5,"assets/img/aircraft/png/747-8.png",64,71
68,"b744c","Boeing","B747-400C","pax",1,1,"PW4062",882.7,20.16,0.26,72722924,410,10250,5454219,13360,40000,370,3,13,4,5,"assets/img/aircraft/png/747-8.png",64,71
68,"b744c","Boeing","B747-400C","pax",2,83,"CF6-80C2B5F",819,19.32,0.26,72722924,410,10250,5454219,13360,40000,370,3,13,4,5,"assets/img/aircraft/png/747-8.png",64,71
69,"b744d","Boeing","B747-400D","pax",0,90,"PW 4062",1010.1,23.98,0.28,80125136,568,10250,5608760,2905,40000,500,3,14,6,5,"assets/img/aircraft/png/747-8.png",64,71
69,"b744d","Boeing","B747-400D","pax",1,91,"CF6-80C2B1F",846.3,20.24,0.28,80125136,568,10250,5608760,2905,40000,500,3,14,6,5,"assets/img/aircraft/png/747-8.png",64,71
71,"b762","Boeing","B767-200","pax",0,94,"CF6-80A",1013.43,18.19,0.21,7882711,224,7800,807978,7300,40000,320,2,7,2,4,"assets/img/aircraft/png/b767.png",48,48
71,"b762","Boeing","B767-200","pax",1,93,"PW 4000",949.52,17.85,0.21,7882711,224,7800,807978,7300,40000,320,2,7,2,4,"assets/img/aircraft/png/b767.png",48,48
71,"b762","Boeing","B767-200","pax",2,95,"CF6-80C3 ",931.26,17.68,0.21,7882711,224,7800,807978,7300,40000,320,2,7,2,4,"assets/img/aircraft/png/b767.png",48,48
71,"b762","Boeing","B767-200","pax",3,96,"JT9D-7R4",894.74,15.81,0.21,7882711,224,7800,807978,7300,40000,320,2,7,2,4,"assets/img/aircraft/png/b767.png",48,48
72,"b763","Boeing","B767-300","pax",0,94,"CF6-80A",944.61,20.33,0.24,23356202,269,7800,2102058,7300,40000,390,2,9,2,5,"assets/img/aircraft/png/b767.png",48,55
72,"b763","Boeing","B767-300","pax",1,93,"PW 4000",885.04,19.95,0.24,23356202,269,7800,2102058,7300,40000,390,2,9,2,5,"assets/img/aircraft/png/b767.png",48,55
72,"b763","Boeing","B767-300","pax",2,95,"CF6-80C3 ",868.02,19.76,0.24,23356202,269,7800,2102058,7300,40000,390,2,9,2,5,"assets/img/aircraft/png/b767.png",48,55
72,"b763","Boeing","B767-300","pax",3,96,"JT9D-7R4",833.98,17.67,0.24,23356202,269,7800,2102058,7300,40000,390,2,9,2,5,"assets/img/aircraft/png/b767.png",48,55
73,"b772","Boeing","B777-200","pax",0,98,"Trent 877",950.25,18.54,0.22,60803647,400,9000,3648219,9695,40000,470,2,11,3,3,"assets/img/aircraft/png/b777-200lr.png",61,64
73,"b772","Boeing","B777-200","pax",1,97,"PW 4077",823.55,17.82,0.22,60803647,400,9000,3648219,9695,40000,470,2,11,3,3,"assets/img/aircraft/png/b777-200lr.png",61,64
73,"b772","Boeing","B777-200","pax",2,99,"GE90-77B ",814.5,17.46,0.22,60803647,400,9000,3648219,9695,40000,470,2,11,3,3,"assets/img/aircraft/png/b777-200lr.png",61,64
74,"b772er","Boeing","B777-200ER","pax",0,101,"Trent 895",1013.6,19.19,0.24,84172921,400,11000,4629511,14260,40000,480,2,11,3,3,"assets/img/aircraft/png/b777-200lr.png",61,64
74,"b772er","Boeing","B777-200ER","pax",1,100,"PW 4090",859.75,17.86,0.24,84172921,400,11000,4629511,14260,40000,480,2,11,3,3,"assets/img/aircraft/png/b777-200lr.png",61,64
74,"b772er","Boeing","B777-200ER","pax",2,102,"GE90-94B ",841.65,17.67,0.24,84172921,400,11000,4629511,14260,40000,480,2,11,3,3,"assets/img/aircraft/png/b777-200lr.png",61,64
75,"b773","Boeing","B777-300","pax",0,105,"GE 90-94B",877.85,17.67,0.24,89987157,451,9000,4949294,11135,40000,450,2,13,5,3,"assets/img/aircraft/png/b777-300.png",61,74
75,"b773","Boeing","B777-300","pax",1,104,"Trent 892",832.6,18.62,0.24,89987157,451,9000,4949294,11135,40000,450,2,13,5,3,"assets/img/aircraft/png/b777-300.png",61,74
75,"b773","Boeing","B777-300","pax",2,103,"PW 4098",823.55,19,0.24,89987157,451,9000,4949294,11135,40000,450,2,13,5,3,"assets/img/aircraft/png/b777-300.png",61,74
76,"b773lr","Boeing","B777-300LR","pax",0,106,"GE 90-110B1",1026,21.63,0.26,131844032,451,11000,5273761,14500,40000,460,2,13,5,3,"assets/img/aircraft/png/b777-300.png",65,74
85,"an10","Antonov","An-10","pax",0,112,"Ivchenko AI-20",727.6,14.98,0.18,1104705,100,6500,165706,4075,25000,370,3,3,1,5,"assets/img/aircraft/png/an-10.png",38,34
86,"an10a","Antonov","An-10A","pax",0,112,"Ivchenko AI-20",727.6,14.98,0.18,1215176,110,6500,182276,4075,25000,350,3,3,1,5,"assets/img/aircraft/png/an-10.png",38,34
87,"an12","Antonov","An-12","pax",0,114,"AI-20M",663.3,13.02,0.18,1192364,124,6500,178855,3600,35000,350,5,3,2,5,"assets/img/aircraft/png/an-12.png",38,33
87,"an12","Antonov","An-12","pax",1,113,"Progress AI-20L",663.3,12.6,0.18,1192364,124,6500,178855,3600,35000,350,5,3,2,5,"assets/img/aircraft/png/an-12.png",38,33
89,"arj217","COMAC","ARJ21-700","pax",0,116,"General Electric CF34-10A",929.62,9.27,0.11,1028514,78,7500,20570,2200,35000,510,2,3,1,2,"assets/img/aircraft/png/comac.png",28,33
90,"arj219","COMAC","ARJ21-900","pax",0,116,"General Electric CF34-10A",929.62,10.3,0.12,1130706,98,7900,22614,2200,35000,510,2,2,1,3,"assets/img/aircraft/png/comac.png",27,36
91,"arj217er","COMAC","ARJ21-700ER","pax",0,116,"General Electric CF34-10A",929.62,10.3,0.12,1513551,78,7800,30271,3700,35000,510,2,2,1,3,"assets/img/aircraft/png/comac.png",27,33
92,"b1900d","Beechcraft","Beechcraft 1900D","pax",0,117,"PW PT6A-67D",470.4,13.65,0.19,111024,19,4500,7772,2776,30000,490,2,1,1,1,"assets/img/aircraft/png/beech1900.png",18,18
93,"b1900c","Beechcraft","Beechcraft 1900C","pax",0,119," PW PT6A-65B",621.3,16.96,0.2,323000,19,4500,7173,2500,30000,450,2,1,1,1,"assets/img/aircraft/png/beech1900.png",18,18
93,"b1900c","Beechcraft","Beechcraft 1900C","pax",1,118,"PW PT6A-65",552.9,15.2,0.2,323000,19,4500,7173,2500,30000,450,2,1,1,1,"assets/img/aircraft/png/beech1900.png",18,18
94,"b1900","Beechcraft","Beechcraft 1900","pax",0,120,"PW PT6A-67",499.95,9.36,0.11,119896,19,4500,10791,2907,30000,380,2,1,1,1,"assets/img/aircraft/png/beech1900.png",18,18
95,"CCX","Cessna","Citation X","pax",0,121,"RR/Allison AE 3007C1",947.43,7.68,0.1,378968,12,4000,29370,6020,35000,360,2,1,1,2,"assets/img/aircraft/png/citationx.png",19,22
96,"jet31","British Aerospace","Jetstream 31","pax",0,122,"Garrett TPE331-10UG turboprop",404.7,16.83,0.21,323000,19,2000,6988,1260,20000,320,2,1,1,2,"assets/img/aircraft/png/jet31.png",16,14
97,"jet41","British Aerospace","Jetstream 41","pax",0,123,"AlliedSignal TPE331-14GR/HR ",540.54,14.4,0.2,510000,30,2000,5790,1433,20000,470,2,2,1,2,"assets/img/aircraft/png/jet41.png",18,19
99,"l1329","Lockheed","L-1329 JetStar","pax",0,126,"Garrett AiResearch TFE-731-3",956.8,9.09,0.11,132130,10,2000,20480,4585,35000,320,2,1,1,3,"assets/img/aircraft/png/jetstar.png",17,18
100,"l1049g","Lockheed","L-1049G Super Constellation","pax",0,127,"Wright R-3350-DA3 Turbo Compound",596.23,25.2,0.3,1802354,95,2000,306400,8700,25000,390,4,2,1,4,"assets/img/aircraft/png/supercons.png",37,35
101,"l188","Lockheed","L-188 Electra","pax",0,128,"Allison 501-D13",593.32,12.48,0.16,1242421,127,2000,186363,3450,25000,390,3,3,2,5,"assets/img/aircraft/png/elektra.png",30,32
102,"learjet25b","Bombardier","Learjet 25B","pax",0,130,"GE CJ610-8",955.93,7.42,0.09,137633,8,2000,16860,2684,35000,320,2,1,1,2,"assets/img/aircraft/png/l25b.png",35,47
102,"learjet25b","Bombardier","Learjet 25B","pax",1,129,"GE CJ610-6",789.3,6.65,0.09,137633,8,2000,16860,2684,35000,320,2,1,1,2,"assets/img/aircraft/png/l25b.png",35,47
103,"f70","Fokker","Fokker 70","pax",0,131,"RR Tay Mk.620",817.3,9.45,0.11,725120,70,2000,43507,2040,35000,490,2,2,1,2,"assets/img/aircraft/png/f70.png",28,31
104,"f70a","Fokker","Fokker 70A","pax",0,131,"RR Tay Mk.620",817.3,9.45,0.11,828709,80,2000,51794,2040,35000,490,2,2,1,2,"assets/img/aircraft/png/f70.png",28,31
105,"f50","Fokker","Fokker 50","pax",0,132,"PW125B",623.7,6.79,0.09,718458,58,2000,57477,2055,25000,380,2,2,1,3,"assets/img/aircraft/png/f50.png",29,25
106,"saab2000","Saab","Saab 2000","pax",0,133,"RR AE 2100",736.56,6.42,0.08,1033701,58,2000,64606,2185,25000,460,2,2,1,2,"assets/img/aircraft/png/saab.png",25,27
107,"b732","Boeing","B737-200","pax",0,134,"PW JT8D-15A",957.6,13.08,0.15,2217362,130,7550,299344,4170,40000,350,2,4,2,7,"assets/img/aircraft/png/737.gif",28,31
108,"b733","Boeing","B737-300","pax",0,135," CFM56-3 	",795.15,12,0.15,2464401,128,7550,215635,4707,40000,360,2,4,2,6,"assets/img/aircraft/png/737.gif",29,33
109,"dc1010","McDonnell Douglas","DC-10-10","pax",0,136,"GE CF6-6D",1007.88,20.33,0.24,6806411,250,2000,816769,6436,35000,360,3,8,2,5,"assets/img/aircraft/png/dc10.png",47,52
110,"dc1015","McDonnell Douglas","DC-10-15","pax",0,137,"GE CF6-50C2F",853.52,16.74,0.22,24540516,260,2000,2331349,7000,35000,320,2,9,2,4,"assets/img/aircraft/png/dc10.png",47,52
111,"dc1030","McDonnell Douglas","DC-10-30","pax",0,138,"GE CF6-50C",871.68,19.4,0.25,36409376,320,2000,4278102,9493,35000,400,3,10,2,5,"assets/img/aircraft/png/dc10.png",50,52
112,"dc1040","McDonnell Douglas","DC-10-40","pax",0,140," PWJT9D-25W",971.56,21.2,0.25,46926501,360,2000,5396548,9322,35000,330,3,11,2,5,"assets/img/aircraft/png/dc10.png",50,52
112,"dc1040","McDonnell Douglas","DC-10-40","pax",1,139,"PW JT9D-59A",935.24,21.8,0.25,46926501,360,2000,5396548,9322,35000,330,3,11,2,5,"assets/img/aircraft/png/dc10.png",50,52
112,"dc1040","McDonnell Douglas","DC-10-40","pax",2,141," PW  JT9D-49A",926.16,21.8,0.25,46926501,360,2000,5396548,9322,35000,330,3,11,2,5,"assets/img/aircraft/png/dc10.png",50,52
113,"dhc81","Bombardier","DHC-8-100","pax",0,142,"PW120A",505,16.96,0.2,127710,37,2000,11175,1889,25000,380,2,1,1,2,"assets/img/aircraft/png/dhc8.png",26,22
113,"dhc81","Bombardier","DHC-8-100","pax",1,143,"PW121",480,15.84,0.2,127710,37,2000,11175,1889,25000,380,2,1,1,2,"assets/img/aircraft/png/dhc8.png",26,22
114,"dhc8q2","Bombardier","DHC-8-Q200","pax",0,144,"PW123C",585.33,17.51,0.21,124381,37,2000,7463,1713,25000,480,2,1,1,2,"assets/img/aircraft/png/dhc8.png",26,22
114,"dhc8q2","Bombardier","DHC-8-Q200","pax",1,145,"PW123D",510.15,16.15,0.21,124381,37,2000,7463,1713,25000,480,2,1,1,2,"assets/img/aircraft/png/dhc8.png",26,22
115,"dhc8q3","Bombardier","DHC-8-Q300","pax",0,146,"PW123B",512.16,13.86,0.18,180374,50,2000,13528,1558,35000,370,2,2,1,2,"assets/img/aircraft/png/q300.png",27,26
116,"crj200lr","Bombardier","CRJ 200LR","pax",0,20,"GE CF34-3B1",801.9,6.72,0.09,659451,50,2000,37918,3713,35000,470,2,1,1,2,"assets/img/aircraft/png/crj200lr.png",21,27
117,"crj100","Bombardier","CRJ 100","pax",0,147,"GE CF34-3A1",839.95,7.56,0.09,416025,50,4500,28082,2417,35000,470,2,1,1,2,"assets/img/aircraft/png/crj100.png",21,27
118,"crj100er","Bombardier","CRJ 100ER","pax",0,147,"GE CF34-3A1",839.95,7.56,0.09,526012,50,4500,35506,3056,35000,470,2,1,1,2,"assets/img/aircraft/png/crj100.png",21,27
119,"crj100lr","Bombardier","CRJ 100LR","pax",0,147,"GE CF34-3A1",839.95,7.56,0.09,638581,50,2000,43104,3710,35000,490,2,1,1,2,"assets/img/aircraft/png/crj100.png",21,27
120,"emb120","Embraer","EMB 120","pax",0,149,"PWII8B",574.08,14.98,0.18,134440,30,2000,11427,1481,35000,390,2,1,1,2,"assets/img/aircraft/png/emb120.png",20,20
120,"emb120","Embraer","EMB 120","pax",1,150,"PWII8C",540.96,13.16,0.18,134440,30,2000,11427,1481,35000,390,2,1,1,2,"assets/img/aircraft/png/emb120.png",20,20
120,"emb120","Embraer","EMB 120","pax",2,148,"PWII8A",535.44,14,0.18,134440,30,2000,11427,1481,35000,390,2,1,1,2,"assets/img/aircraft/png/emb120.png",20,20
124,"emb121","Embraer","EMB 121 Xingu I","pax",0,154,"PW PT6A-28",328.5,7.76,0.1,85000,5,2000,3294,2352,20000,350,2,1,1,1,"assets/img/aircraft/png/embx.png",14,12
126,"erj135er","Embraer","ERJ 135ER","pax",0,156,"RR AE-3007A1/3",910.2,9.54,0.11,352585,37,2000,19392,2650,35000,460,2,2,1,2,"assets/img/aircraft/png/emb145.png",20,26
127,"erj135lr","Embraer","ERJ 135LR","pax",0,156,"RR AE-3007A1/3",910.2,7.42,0.09,417514,37,2000,24007,3138,35000,450,2,2,1,2,"assets/img/aircraft/png/emb145.png",20,26
128,"erj140lr","Embraer","ERJ 140LR","pax",0,156,"RR AE-3007A1/3",910.2,7.42,0.09,477675,44,2000,26272,3019,35000,450,2,2,1,2,"assets/img/aircraft/png/emb145.png",20,28
129,"erj145er","Embraer","ERJ 145ER","pax",0,157,"RR AE-3007A",866.25,7.35,0.09,442288,50,2000,24326,2445,35000,450,2,2,1,2,"assets/img/aircraft/png/emb145.png",20,30
130,"erj145lr","Embraer","ERJ 145LR","pax",0,158,"RR AE-3007A1",882.75,7.14,0.09,519169,50,2000,29852,2870,35000,460,2,2,1,2,"assets/img/aircraft/png/emb145.png",20,30
131,"erj145xr","Embraer","ERJ 145XR","pax",0,159,"RR AE-3007A1E",909.06,5.15,0.06,1129212,50,2000,62107,3705,35000,490,2,2,1,2,"assets/img/aircraft/png/emb145.png",20,30
132,"erj171","Embraer","ERJ 170-100","pax",0,160,"GE CF34-8E",890.95,8.48,0.1,1839550,80,2000,78181,3334,40000,460,2,2,1,2,"assets/img/aircraft/png/emb175.png",26,30
133,"erj171lr","Embraer","ERJ 170-100LR","pax",0,160,"GE CF34-8E",890.95,8.48,0.1,2145774,80,2000,80467,3889,40000,470,2,2,1,2,"assets/img/aircraft/png/emb175.png",26,30
134,"erj171ar","Embraer","ERJ 170-100AR","pax",0,160,"GE CF34-8E",890.95,7.42,0.09,2512492,78,2000,69094,3892,40000,500,2,2,1,1,"assets/img/aircraft/png/emb175.png",26,30
135,"erj172","Embraer","ERJ 170-200","pax",0,160,"GE CF34-8E",890.95,9.54,0.11,1734433,88,2000,69377,3334,40000,470,2,2,1,2,"assets/img/aircraft/png/emb175.png",26,32
136,"erj172lr","Embraer","ERJ 170-200LR","pax",0,160,"GE CF34-8E",890.95,9.54,0.11,2023158,88,2000,80926,3889,40000,470,2,2,1,2,"assets/img/aircraft/png/emb175.png",26,32
137,"erj172ar","Embraer","ERJ 170-200AR","pax",0,160,"GE CF34-8E",890.95,8.48,0.1,2172603,85,2000,81473,3706,40000,460,2,2,1,1,"assets/img/aircraft/png/emb175.png",26,32
138,"erj191","Embraer","ERJ 190-100","pax",0,34,"GE CF34-10E",870.35,10.1,0.12,1853174,110,2000,64861,3334,40000,470,2,2,1,2,"assets/img/aircraft/png/erj190-100.png",29,36
139,"erj191lr","Embraer","ERJ 190-100LR","pax",0,34,"GE CF34-10E",870.35,10.1,0.12,2367883,110,2000,76956,4260,40000,490,2,2,1,2,"assets/img/aircraft/png/erj190-100.png",29,36
140,"erj192","Embraer","ERJ 190-200","pax",0,34,"GE CF34-10E",870.35,10.1,0.12,1598528,122,2000,59945,2593,40000,500,2,2,2,2,"assets/img/aircraft/png/erj190-100.png",29,39
141,"erj192lr","Embraer","ERJ 190-200LR","pax",0,34,"GE CF34-10E",870.35,10.1,0.12,2055338,122,2000,61660,3334,40000,490,2,2,2,2,"assets/img/aircraft/png/erj190-100.png",29,39
142,"erj192ar","Embraer","ERJ 190-200AR","pax",0,34,"GE CF34-10E",870.35,9.09,0.11,2825347,120,2000,84760,4077,40000,500,2,2,2,1,"assets/img/aircraft/png/erj190-100.png",29,39
143,"lineage1000","Embraer","Lineage 1000","pax",0,161,"GE CF34-10E7B",923.52,10.9,0.12,385854,19,2000,9646,8344,40000,470,3,2,1,2,"assets/img/aircraft/png/lineage.png",29,36
144,"legacy50","Embraer","Legacy 500","pax",0,162,"HTF7500E",836.55,7.6,0.1,128115,8,2000,2562,5186,40000,510,2,1,1,1,"assets/img/aircraft/png/legacy600.png",20,21
145,"legacy45","Embraer","Legacy 450","pax",0,162,"HTF7500E",836.55,7.6,0.1,110501,7,2000,2210,4260,40000,520,2,1,1,1,"assets/img/aircraft/png/legacy600.png",20,20
146,"phenom1","Embraer","Phenom 100","pax",0,163,"PW617F-E",707.56,7.2,0.1,68000,4,2000,950,2182,30000,490,2,1,1,1,"assets/img/aircraft/png/phenom100.png",12,13
147,"phenom3","Embraer","Phenom 300","pax",0,164,"PW 535",850.68,8.72,0.1,102000,6,2000,1829,3334,30000,460,2,1,1,1,"assets/img/aircraft/png/phenom100.png",16,16
148,"ch600","Bombardier","Challenger 600","pax",0,165,"ALF-502L",863.3,6.3,0.09,439374,19,3500,42839,5925,35000,370,2,1,1,2,"assets/img/aircraft/png/challenger300.png",20,21
149,"ch601","Bombardier","Challenger 601","pax",0,22,"GE CF34-3A",944.61,6.06,0.08,552716,19,3500,51126,6236,35000,350,2,1,1,2,"assets/img/aircraft/png/challenger300.png",20,21
149,"ch601","Bombardier","Challenger 601","pax",1,165,"ALF-502L",825.47,5.4,0.08,552716,19,3500,51126,6236,35000,350,2,1,1,2,"assets/img/aircraft/png/challenger300.png",20,21
150,"ch604","Bombardier","Challenger 604","pax",0,166,"GE CF-34-3B",799.94,4.6,0.06,1143957,19,3780,65778,9680,35000,450,2,1,1,1,"assets/img/aircraft/png/challenger300.png",20,21
151,"ch605","Bombardier","Challenger 605","pax",0,166,"GE CF-34-3B",799,4.6,0.06,558459,12,3780,18150,7491,35000,490,2,1,1,1,"assets/img/aircraft/png/challenger300.png",20,21
152,"crj700","Bombardier","CRJ 700","pax",0,167,"GE CF-34-8C1",793.8,8.82,0.11,1174846,68,2000,52868,3121,35000,490,2,2,1,2,"assets/img/aircraft/png/crj700.png",23,33
153,"crj700er","Bombardier","CRJ 700ER","pax",0,167,"GE CF-34-8C1",793.8,8.82,0.11,1383766,68,2000,62269,3676,35000,470,2,2,1,2,"assets/img/aircraft/png/crj700.png",23,33
154,"crj701","Bombardier","CRJ 701","pax",0,168,"GE CF34-8C1",878.74,9.36,0.11,1052956,70,2000,47383,2655,35000,500,2,2,1,2,"assets/img/aircraft/png/crj700.png",24,33
155,"crj701er","Bombardier","CRJ 701ER","pax",0,168,"GE CF34-8C1",878.74,9.36,0.11,1271479,70,2000,57217,3206,35000,490,2,2,1,2,"assets/img/aircraft/png/crj700.png",23,33
156,"crj701lr","Bombardier","CRJ 701LR","pax",0,168,"GE CF34-8C1",878.74,9.36,0.11,1470569,70,2000,66176,3708,35000,500,2,2,1,2,"assets/img/aircraft/png/crj700.png",23,33
157,"crj702","Bombardier","CRJ 702","pax",0,168,"GE CF34-8C1",858.6,9.36,0.11,1347617,78,2000,60643,3121,35000,450,2,2,1,2,"assets/img/aircraft/png/crj700.png",25,36
158,"crj705","Bombardier","CRJ 705","pax",0,168,"GE CF34-8C1",878.74,9.36,0.11,1352951,75,2000,27059,3184,35000,510,2,2,1,2,"assets/img/aircraft/png/crj700.png",25,36
159,"crj705er","Bombardier","CRJ 705ER","pax",0,168,"GE CF34-8C1",878.74,9.36,0.11,1544590,75,2000,30892,3635,35000,550,2,2,1,2,"assets/img/aircraft/png/crj700.png",25,36
160,"crj705lr","Bombardier","CRJ 705LR","pax",0,168,"GE CF34-8C1",878.74,9.36,0.11,1573060,75,2000,31461,3702,35000,550,2,2,1,2,"assets/img/aircraft/png/crj700.png",25,36
161,"crj900","Bombardier","CRJ 900","pax",0,169,"GE CF34-8C5",836.95,8.19,0.11,1530636,86,2000,61225,2956,35000,490,2,2,1,2,"assets/img/aircraft/png/crj700.png",25,36
162,"crj900er","Bombardier","CRJ 900ER","pax",0,169,"GE CF34-8C5",807.5,8.19,0.11,1823606,90,2000,72944,3488,35000,460,2,3,1,2,"assets/img/aircraft/png/crj700.png",25,36
163,"crj900lr","Bombardier","CRJ 900LR","pax",0,169,"GE CF34-8C5",807.5,8.19,0.11,2092337,90,2000,83693,4002,35000,500,2,3,1,2,"assets/img/aircraft/png/crj700.png",25,36
164,"crj900ng","Bombardier","CRJ 900NG","pax",0,169,"GE CF34-8C5",837.9,7.28,0.1,1498256,88,2000,59930,2421,35000,470,2,2,1,2,"assets/img/aircraft/png/crj700.png",25,36
165,"crj700ng","Bombardier","CRJ 700NG","pax",0,170,"GE CF34-8C5B1",840,7.92,0.1,1335683,70,2000,40070,2735,35000,460,2,2,1,2,"assets/img/aircraft/png/crj700.png",23,33
166,"crj1000","Bombardier","CRJ 1000","pax",0,171,"GE CF34-8C5A1",876.62,8.32,0.1,1819929,100,5499,54598,2760,35000,450,2,2,1,2,"assets/img/aircraft/png/crj100.png",23,33
166,"crj1000","Bombardier","CRJ 1000","pax",1,172,"GE CF34-8C5A2",802.19,7.44,0.1,1819929,100,5499,54598,2760,35000,450,2,2,1,2,"assets/img/aircraft/png/crj100.png",23,33
167,"atr4230","Aerospatiale","ATR 42-300","pax",0,173,"PW 120",524.3,19.08,0.22,714000,42,6500,8289,1945,25000,340,2,1,1,2,"assets/img/aircraft/png/atr42.png",25,23
168,"atr4232","Aerospatiale","ATR 42-320","pax",0,174,"PW 121",483.06,9.9,0.14,122121,46,6500,10380,1945,25000,400,2,1,1,2,"assets/img/aircraft/png/atr42.png",25,23
169,"atr4240","Aerospatiale","ATR 42-400","pax",0,173,"PW 120",556.4,16.96,0.2,133060,48,6500,7984,1945,25000,500,2,1,1,2,"assets/img/aircraft/png/atr42.png",25,23
169,"atr4240","Aerospatiale","ATR 42-400","pax",1,174,"PW 121",504.4,14.4,0.2,133060,48,6500,7984,1945,25000,500,2,1,1,2,"assets/img/aircraft/png/atr42.png",25,23
170,"atr4260","Aerospatiale","ATR 42-600","pax",0,176,"PW 127F",621.3,16.05,0.19,208303,50,6500,4166,2000,25000,550,2,1,1,1,"assets/img/aircraft/png/atr42.png",25,23
170,"atr4260","Aerospatiale","ATR 42-600","pax",1,175,"PW 127E",558.6,14.25,0.19,208303,50,6500,4166,2000,25000,550,2,1,1,1,"assets/img/aircraft/png/atr42.png",25,23
170,"atr4260","Aerospatiale","ATR 42-600","pax",2,177,"PW 127M",535.8,14.55,0.19,208303,50,6500,4166,2000,25000,550,2,1,1,1,"assets/img/aircraft/png/atr42.png",25,23
171,"atr7220","Aerospatiale","ATR 72-200","pax",0,178,"PW 124B",455.9,9.3,0.12,494675,64,6500,34627,2665,25000,480,2,2,1,1,"assets/img/aircraft/png/atr72.png",27,27
172,"atr7221","Aerospatiale","ATR 72-210","pax",0,179,"PW 127",485.1,9.1,0.12,513873,62,6500,37256,2800,25000,490,2,2,1,1,"assets/img/aircraft/png/atr72.png",27,27
173,"atr7260","Aerospatiale","ATR 72-600","pax",0,176,"PW 127F",612.58,8.56,0.1,928466,74,6500,20890,2800,25000,550,2,2,1,1,"assets/img/aircraft/png/atr72.png",27,27
173,"atr7260","Aerospatiale","ATR 72-600","pax",1,175,"PW 127E",550.76,7.6,0.1,928466,74,6500,20890,2800,25000,550,2,2,1,1,"assets/img/aircraft/png/atr72.png",27,27
173,"atr7260","Aerospatiale","ATR 72-600","pax",2,177,"PW 127M",528.28,7.76,0.1,928466,74,6500,20890,2800,25000,550,2,2,1,1,"assets/img/aircraft/png/atr72.png",27,27
177,"cl44d","Bombardier","CL-44D","pax",0,183,"RR Tyne 515/50",710.6,13.13,0.16,3613052,160,8050,523893,4855,22000,340,3,3,2,4,"assets/img/aircraft/png/cl-44d.png",43,42
178,"dhc7","Bombardier","DHC-7","pax",0,184,"PW PT6A-50",395.6,14.7,0.19,259197,54,2000,26568,1400,22000,400,2,1,1,2,"assets/img/aircraft/png/dhc7.png",28,25
179,"saab340","Saab","Saab 340","pax",0,185,"GE CT7-9B",424.97,13.65,0.19,109241,37,2000,9832,1730,25000,380,2,1,1,2,"assets/img/aircraft/png/saab340.png",21,20
180,"saab90","Saab","Saab 90 Scandia","pax",0,186," R-2180 Twin Wasp E",477,9.27,0.11,113217,32,2000,21228,2510,20000,210,2,1,1,3,"assets/img/aircraft/png/saabscan.png",28,21
181,"tu134a","Tupolev","Tu-134A","pax",0,187,"Soloviev D-30-II",799,11,0.14,686770,76,2000,89280,2000,35000,380,2,2,1,4,"assets/img/aircraft/png/tu134a.png",29,37
182,"tu3341d","Tupolev","Tu-334-100D","pax",0,188,"D436-T2",828.2,9.72,0.11,2343641,102,2000,117182,4100,35000,450,2,3,1,3,"assets/img/aircraft/png/tu334.png",30,31
183,"tu33412d","Tupolev","Tu-334-120D","pax",0,189,"BR715-56",733.2,7.28,0.1,2600869,102,2000,130043,4100,35000,460,2,3,1,3,"assets/img/aircraft/png/tu334.png",30,32
184,"tu3342","Tupolev","Tu-334-200","pax",0,188,"D436-T2",828.2,9.72,0.11,1553460,126,2000,77673,2200,35000,500,2,3,2,3,"assets/img/aircraft/png/tu334.png",30,31
185,"tu33422","Tupolev","Tu-334-220","pax",0,189,"BR715-56",799,8.19,0.11,1610294,126,2000,80515,2200,35000,480,2,3,2,3,"assets/img/aircraft/png/tu334.png",30,32
186,"tu3341","Tupolev","Tu-334-100","pax",0,190,"D-436T-1",795.4,8.1,0.11,1800602,102,2000,90030,3150,35000,450,2,3,1,3,"assets/img/aircraft/png/tu334.png",30,31
187,"tu154m","Tupolev","Tu-154M","pax",0,47,"Soloviev D-30KU-154",893,13.02,0.18,4514400,180,2000,395010,4000,35000,320,2,4,2,5,"assets/img/aircraft/png/tu154.png",37,48
189,"tu214","Tupolev","Tu-214","pax",0,191,"PS-90А",729,10.78,0.14,6497956,210,2000,406122,4341,35000,490,2,4,2,5,"assets/img/aircraft/png/tu204.png",42,46
190,"tu20412","Tupolev","Tu-204-120","pax",0,192,"RB.211-535E4",834.3,11.44,0.14,6137208,210,2000,383576,4100,35000,480,2,4,2,4,"assets/img/aircraft/png/tu204.png",42,46
191,"tu2041","Tupolev","Tu-204-100","pax",0,191,"PS-90А",729,10.78,0.14,6436584,210,2000,402287,4300,35000,470,2,4,2,4,"assets/img/aircraft/png/tu204.png",42,46
192,"dc1","McDonnell Douglas","DC-1","pax",0,193,"SGR-1820F",297,18,0.22,204000,12,2000,2314,1500,20000,200,2,1,1,2,"assets/img/aircraft/png/dc1_2.png",26,18
193,"dc2","McDonnell Douglas","DC-2","pax",0,194,"GR-F53",273,15.64,0.21,238000,14,2000,3113,1750,20000,290,3,1,1,2,"assets/img/aircraft/png/dc1_2.png",26,19
194,"dc3","McDonnell Douglas","DC-3","pax",0,196,"SGR1820",273.98,20.33,0.24,544000,32,2000,5389,1650,20000,200,2,2,1,2,"assets/img/aircraft/png/dc3.png",29,20
194,"dc3","McDonnell Douglas","DC-3","pax",1,195,"PW R1830S1C3G",250.04,17.48,0.24,544000,32,2000,5389,1650,20000,200,2,2,1,2,"assets/img/aircraft/png/dc3.png",29,20
195,"dc4","McDonnell Douglas","DC-4","pax",0,197,"PW R20002SDBG",332.15,13.5,0.19,464718,86,2000,94105,4023,20000,200,3,2,1,2,"assets/img/aircraft/png/dc1_2.png",36,29
196,"dc5","McDonnell Douglas","DC-5","pax",0,198,"PW R-1820-44",357.5,18.54,0.22,374000,22,2000,6133,2575,20000,230,3,2,1,2,"assets/img/aircraft/png/dc1_2.png",24,19
197,"dc6","McDonnell Douglas","DC-6","pax",0,199,"PW R2800-CA15",490.98,14.72,0.2,707147,56,2000,127286,7376,20000,280,4,2,1,2,"assets/img/aircraft/png/dc6.png",36,31
198,"dc6b","McDonnell Douglas","DC-6B","pax",0,200,"PW R2800-CB17",567.84,17.44,0.2,854413,102,2000,153794,4835,25000,210,4,2,1,2,"assets/img/aircraft/png/dc6.png",36,32
199,"dc7","McDonnell Douglas","DC-7","pax",0,201," R-3350-18EA1",575.7,17.12,0.2,1428866,99,2000,235763,7410,25000,380,4,2,1,2,"assets/img/aircraft/png/dc6.png",36,33
200,"dc7b","McDonnell Douglas","DC-7B","pax",0,202,"R-3350-18EA1",609.9,17.28,0.2,1558217,100,2000,257106,8000,25000,340,4,2,1,2,"assets/img/aircraft/png/dc6.png",36,33
201,"dc7c","McDonnell Douglas","DC-7C","pax",0,201," R-3350-18EA1",560.55,17.12,0.2,1806145,105,2000,298014,9070,25000,320,4,2,1,2,"assets/img/aircraft/png/dc6.png",39,34
201,"dc7c","McDonnell Douglas","DC-7C","pax",1,203,"R-3350-18EA4    ",499.5,15.2,0.2,1806145,105,2000,298014,9070,25000,320,4,2,1,2,"assets/img/aircraft/png/dc6.png",39,34
202,"dc810","McDonnell Douglas","DC-8-10","pax",0,204,"PW JT3C-6",902,19.62,0.22,4812350,160,2000,733883,7410,35000,380,3,3,2,3,"assets/img/aircraft/png/dc8.png",43,46
203,"dc820","McDonnell Douglas","DC-8-20","pax",0,205,"PW JT4A-9",876.72,18.18,0.22,5256539,170,2000,801622,7410,35000,320,3,3,2,3,"assets/img/aircraft/png/dc8.png",43,46
204,"dc840","McDonnell Douglas","DC-8-40","pax",0,206,"PW JT4A-11",915.6,17.51,0.21,6669034,176,2000,1017028,8230,35000,360,3,3,2,3,"assets/img/aircraft/png/dc8.png",43,46
204,"dc840","McDonnell Douglas","DC-8-40","pax",1,207,"RR Conway",915.6,18.7,0.21,6669034,176,2000,1017028,8230,35000,360,3,3,2,3,"assets/img/aircraft/png/dc8.png",43,46
205,"dc850","McDonnell Douglas","DC-8-50","pax",0,208,"PW JT3D-3",843.84,16.49,0.21,9354363,179,2000,1426540,11260,35000,360,3,3,2,3,"assets/img/aircraft/png/dc8.png",43,46
206,"dc861","McDonnell Douglas","DC-8-61","pax",0,209,"PW JT3D-3B",852.63,18.43,0.24,5189932,210,2000,687666,6035,35000,380,3,4,2,4,"assets/img/aircraft/png/dc8.png",45,57
207,"dc862","McDonnell Douglas","DC-8-62","pax",0,209,"PW JT3D-3B",855.54,18.43,0.24,8696462,220,2000,1130540,9620,35000,400,3,4,2,4,"assets/img/aircraft/png/dc8.png",45,57
208,"dc863","McDonnell Douglas","DC-8-63","pax",0,210,"PW JT3D-7",883.08,17.86,0.24,24540066,259,2000,3128858,7600,35000,350,3,4,2,4,"assets/img/aircraft/png/dc8.png",45,57
209,"dc871","McDonnell Douglas","DC-8-71","pax",0,211,"CFM56-2C5",807.5,17.67,0.24,5850306,210,2000,541153,7035,35000,370,3,4,2,4,"assets/img/aircraft/png/dc8.png",45,57
210,"dc872","McDonnell Douglas","DC-8-72","pax",0,211,"CFM56-2C5",807.5,16.74,0.22,9830403,220,2000,909312,10620,35000,400,3,4,2,4,"assets/img/aircraft/png/dc8.png",45,57
211,"dc873","McDonnell Douglas","DC-8-73","pax",0,211,"CFM56-2C5",807.5,16.74,0.22,28278818,259,2000,2615791,8650,35000,370,3,4,2,4,"assets/img/aircraft/png/dc8.png",45,57
212,"dc910","McDonnell Douglas","DC-9-10","pax",0,212,"PW JT8D-7",893.97,13.44,0.18,659657,90,2000,89054,2036,35000,340,2,2,1,2,"assets/img/aircraft/png/dc9.png",27,32
213,"dc921","McDonnell Douglas","DC-9-21","pax",0,213,"PW JT8D-9",913.92,15.12,0.18,957060,90,2000,129203,2977,35000,360,2,2,1,2,"assets/img/aircraft/png/dc9.png",27,32
214,"dc930","McDonnell Douglas","DC-9-30","pax",0,214,"PW JT8D-15",871.15,13.44,0.18,865651,90,2000,112535,2631,35000,380,2,2,1,2,"assets/img/aircraft/png/dc9.png",28,36
215,"dc940","McDonnell Douglas","DC-9-40","pax",0,214,"PW JT8D-15",871.15,13.44,0.18,892301,90,2000,113768,2712,35000,370,2,2,1,2,"assets/img/aircraft/png/dc9.png",28,38
216,"dc950","McDonnell Douglas","DC-9-50","pax",0,215,"PW JT8D-17",889.02,13.16,0.18,847715,90,2000,93249,2631,35000,380,2,2,1,2,"assets/img/aircraft/png/dc9.png",28,40
218,"an74vip","Antonov","An-74VIP","pax",0,217,"Lotarev D-36-(3A) ",539.4,7.68,0.1,100722,12,6500,9065,3300,25000,350,2,1,1,3,"assets/img/aircraft/png/an74vip.png",32,28
219,"an742","Antonov","An-74-200","pax",0,217,"Lotarev D-36-(3A) ",539.4,10.56,0.14,134296,16,4650,12087,3300,25000,320,2,1,1,3,"assets/img/aircraft/png/an74-200.png",32,28
220,"an74tk1","Antonov","An-74TK-100","pax",0,217,"Lotarev D-36-(3A) ",539.4,7.68,0.1,661308,52,5600,67784,2750,25000,330,2,2,1,4,"assets/img/aircraft/png/an74tk-100.png",32,28
221,"an74tk3","Antonov","An-74TK-300","pax",0,218,"Lotarev D-36-(4A) ",582,5.7,0.08,1550016,60,7500,69751,3600,25000,480,2,2,1,2,"assets/img/aircraft/png/an74tk-300.png",32,28
222,"an140","Antonov","An-140","pax",0,72,"N/A",446.4,6.72,0.09,577938,52,5500,36121,2420,25000,480,2,2,1,3,"assets/img/aircraft/png/an140.png",22,11
226,"md11er","McDonnell Douglas","MD-11ER","pax",0,222,"PW 4460",954.84,25.92,0.3,60676778,410,2000,3792299,13408,40000,450,3,13,4,5,"assets/img/aircraft/png/md11.png",52,62
226,"md11er","McDonnell Douglas","MD-11ER","pax",1,223,"PW 4462",849.72,21.84,0.3,60676778,410,2000,3792299,13408,40000,450,3,13,4,5,"assets/img/aircraft/png/md11.png",52,62
226,"md11er","McDonnell Douglas","MD-11ER","pax",2,42,"GE CF6-80C2D1F",788.4,23.28,0.3,60676778,410,2000,3792299,13408,40000,450,3,13,4,5,"assets/img/aircraft/png/md11.png",52,62
227,"md11c","McDonnell Douglas","MD-11C","pax",0,222,"PW 4460",954.84,25.92,0.3,56273548,410,2000,4642568,12435,40000,350,3,13,4,5,"assets/img/aircraft/png/md11.png",62,52
227,"md11c","McDonnell Douglas","MD-11C","pax",1,223,"PW 4462",849.72,21.84,0.3,56273548,410,2000,4642568,12435,40000,350,3,13,4,5,"assets/img/aircraft/png/md11.png",62,52
227,"md11c","McDonnell Douglas","MD-11C","pax",2,42,"GE CF6-80C2D1F",788.4,23.28,0.3,56273548,410,2000,4642568,12435,40000,350,3,13,4,5,"assets/img/aircraft/png/md11.png",62,52
228,"md81","McDonnell Douglas","MD-81","pax",0,224,"PW JT8D-209",819.11,17.44,0.2,2296357,172,2000,241117,2910,40000,340,2,3,2,3,"assets/img/aircraft/png/md80.png",33,45
229,"md88","McDonnell Douglas","MD-88","pax",0,225,"PW JT8D-217A",908.32,17.44,0.2,2998679,172,2000,314861,3800,40000,340,2,3,2,3,"assets/img/aircraft/png/md80.png",33,45
229,"md88","McDonnell Douglas","MD-88","pax",1,227,"PW JT8D-219",746.12,14.88,0.2,2998679,172,2000,314861,3800,40000,340,2,3,2,3,"assets/img/aircraft/png/md80.png",33,45
229,"md88","McDonnell Douglas","MD-88","pax",2,226,"PW JT8D-217C",738.01,15.52,0.2,2998679,172,2000,314861,3800,40000,340,2,3,2,3,"assets/img/aircraft/png/md80.png",33,45
230,"md83","McDonnell Douglas","MD-83","pax",0,227,"PW JT8D-219",746.12,14.88,0.2,3661545,172,2000,384462,4640,40000,380,2,3,2,3,"assets/img/aircraft/png/md80.png",33,45
231,"md87","McDonnell Douglas","MD-87","pax",0,226,"PW JT8D-217C",738.01,13.58,0.18,1995393,139,2000,209516,4440,40000,400,2,3,2,3,"assets/img/aircraft/png/md80.png",33,40
232,"md93","McDonnell Douglas","MD-90-30","pax",0,229,"IAE V2528-D5",909.44,17.44,0.2,3049783,172,2000,198236,3860,40000,470,2,3,2,3,"assets/img/aircraft/png/md90.png",33,46
232,"md93","McDonnell Douglas","MD-90-30","pax",1,228,"IAE V2525-D5",738.92,14.88,0.2,3049783,172,2000,198236,3860,40000,470,2,3,2,3,"assets/img/aircraft/png/md90.png",33,46
233,"md93er","McDonnell Douglas","MD-90-30ER","pax",0,229,"IAE V2528-D5",909.44,17.44,0.2,3495399,172,2000,227201,4424,40000,450,2,3,2,3,"assets/img/aircraft/png/md90.png",33,46
233,"md93er","McDonnell Douglas","MD-90-30ER","pax",1,228,"IAE V2525-D5",738.92,14.88,0.2,3495399,172,2000,227201,4424,40000,450,2,3,2,3,"assets/img/aircraft/png/md90.png",33,46
234,"md95","McDonnell Douglas","MD-90-50","pax",0,229,"IAE V2528-D5",909.44,17.44,0.2,4076912,172,2000,264999,5160,40000,450,2,3,2,3,"assets/img/aircraft/png/md90.png",33,46
241,"b732c","Boeing","B737-200C","pax",0,213,"PW JT8D-9",795.6,15.12,0.18,1580983,110,7550,201575,4622,40000,350,2,3,2,5,"assets/img/aircraft/png/737.gif",28,31
241,"b732c","Boeing","B737-200C","pax",1,235,"PW JT8D-9A",787.8,14.84,0.18,1580983,110,7550,201575,4622,40000,350,2,3,2,5,"assets/img/aircraft/png/737.gif",28,31
241,"b732c","Boeing","B737-200C","pax",2,212,"PW JT8D-7",772.2,13.44,0.18,1580983,110,7550,201575,4622,40000,350,2,3,2,5,"assets/img/aircraft/png/737.gif",28,31
242,"b732adv","Boeing","B737-200Adv","pax",0,134,"PW JT8D-15A",873.6,14.17,0.16,1893733,102,7550,227248,5473,40000,390,2,3,1,5,"assets/img/aircraft/png/737.gif",28,31
242,"b732adv","Boeing","B737-200Adv","pax",1,238,"PW JT8D-17AR",858,13.39,0.16,1893733,102,7550,227248,5473,40000,390,2,3,1,5,"assets/img/aircraft/png/737.gif",28,31
242,"b732adv","Boeing","B737-200Adv","pax",2,215,"PW JT8D-17",772.2,12.22,0.16,1893733,102,7550,227248,5473,40000,390,2,3,1,5,"assets/img/aircraft/png/737.gif",28,31
242,"b732adv","Boeing","B737-200Adv","pax",3,236,"PW JT8D-17R",756.6,11.83,0.16,1893733,102,7550,227248,5473,40000,390,2,3,1,5,"assets/img/aircraft/png/737.gif",28,31
242,"b732adv","Boeing","B737-200Adv","pax",4,214,"PW JT8D-15",741,12.48,0.16,1893733,102,7550,227248,5473,40000,390,2,3,1,5,"assets/img/aircraft/png/737.gif",28,31
242,"b732adv","Boeing","B737-200Adv","pax",5,237,"PW JT8D-17A",733.2,12.09,0.16,1893733,102,7550,227248,5473,40000,390,2,3,1,5,"assets/img/aircraft/png/737.gif",28,31
243,"b707","Boeing","B707","pax",0,239,"PW JT3D",1006.31,18.36,0.22,4169974,144,6450,677621,9913,40000,360,2,4,2,6,"assets/img/aircraft/png/b707.png",44,46
244,"b712","Boeing","B717-200","pax",0,240,"RR BR715-A1-30",761.4,8.64,0.11,2238611,134,6450,117527,3815,40000,500,2,3,1,3,"assets/img/aircraft/png/b717.png",28,38
244,"b712","Boeing","B717-200","pax",1,241,"RR BR715-C1-30",761.4,8.46,0.11,2238611,134,6450,117527,3815,40000,500,2,3,1,3,"assets/img/aircraft/png/b717.png",28,38
245,"su80gp","Sukhoi","SU-80GP","pax",0,185,"GE CT7-9B",391.3,15.47,0.21,510000,30,2000,4137,1300,25000,450,2,1,1,2,"assets/img/aircraft/png/su80gp.png",23,18
246,"il14p","Ilyushin","Il-14P","pax",0,242,"Shvetsov Ash-82T",339.2,18.54,0.22,408000,24,2000,7981,1750,25000,360,3,1,1,2,"assets/img/aircraft/png/il14.png",32,22
247,"il14m","Ilyushin","Il-14M","pax",0,242,"Shvetsov Ash-82T",339.2,18.54,0.22,612000,36,2000,11604,1750,25000,320,3,1,1,2,"assets/img/aircraft/png/il14.png",32,22
248,"il18a","Ilyushin","Il-18A","pax",0,243,"Kuznetsov NK-4",564.48,8.28,0.11,771564,75,2000,119592,2560,25000,360,5,2,1,3,"assets/img/aircraft/png/il18.png",37,36
249,"il18b","Ilyushin","Il-18B","pax",0,244,"Ivchenko Al-20",576.24,9.6,0.12,756132,84,2000,117200,2560,25000,320,5,2,1,3,"assets/img/aircraft/png/il18.png",37,36
249,"il18b","Ilyushin","Il-18B","pax",1,243,"Kuznetsov NK-4",564.48,9.2,0.12,756132,84,2000,117200,2560,25000,320,5,2,1,3,"assets/img/aircraft/png/il18.png",37,36
250,"il18v","Ilyushin","Il-18V","pax",0,245,"Ivchenko AI-20K",589.44,9.4,0.12,1024410,90,2000,148539,3100,25000,320,5,2,1,3,"assets/img/aircraft/png/il18.png",37,36
251,"il18d","Ilyushin","Il-18D","pax",0,246,"Ivchenko AI-20M",579.6,10.78,0.14,1439984,100,2000,208798,6500,25000,380,5,2,1,3,"assets/img/aircraft/png/il18.png",37,36
252,"il18i","Ilyushin","Il-18I","pax",0,246,"Ivchenko AI-20M",579.6,10.78,0.14,1266516,122,2000,196310,3100,25000,350,5,3,2,3,"assets/img/aircraft/png/il18.png",37,36
253,"il62","Ilyushin","Il-62","pax",0,247,"Kuznetsov NK84",892.5,18.02,0.21,6302498,186,2000,819325,7550,35000,380,5,4,2,4,"assets/img/aircraft/png/il62.png",43,53
254,"il62m","Ilyushin","Il-62M","pax",0,248,"Soloviev D30KU",932.4,16.32,0.2,7065274,168,2000,847833,8850,35000,390,5,4,2,4,"assets/img/aircraft/png/il62.png",43,53
255,"il62mk","Ilyushin","Il-62MK","pax",0,248,"Soloviev D30KU",943.5,18.36,0.22,8204625,195,2000,840974,10000,35000,340,5,4,2,4,"assets/img/aircraft/png/il62.png",43,53
256,"il963","Ilyushin","Il-96-300","pax",0,249,"Aviadvigatel PS-90A",833,23.52,0.19,31671000,300,2000,2454503,11500,35000,370,3,10,2,5,"assets/img/aircraft/png/il96.png",60,55
257,"il96m","Ilyushin","Il-96M","pax",0,250,"PW 2000",841.5,24.96,0.19,46495680,370,2000,3022219,12800,35000,460,3,11,2,6,"assets/img/aircraft/png/il96.png",60,65
258,"il964","Ilyushin","Il-96-400","pax",0,251,"Aviadvigatel PS-90A1",809.1,27.72,0.18,40441348,436,2000,2224274,10000,35000,460,3,13,4,7,"assets/img/aircraft/png/il96.png",60,64
259,"il114","Ilyushin","Il-114","pax",0,252,"Klimov TV-7-117S",490,13.95,0.19,255147,64,2000,18498,1000,35000,470,2,2,1,2,"assets/img/aircraft/png/Il-114.png",30,27
260,"il1143","Ilyushin","Il-114-300","pax",0,253,"Klimov TV-7-117SM",485,7.68,0.1,435344,52,2000,31562,2100,25000,480,2,2,1,2,"assets/img/aircraft/png/Il-114.png",30,27
266,"c208b","Cessna","Cessna 208B","pax",0,260,"PT6A-114",327.24,10.7,0.12,238000,14,2990,3481,2000,16000,390,2,0,1,3,"assets/img/aircraft/png/cessna208b.png",16,13
267,"tu104","Tupolev","Tu-104","pax",0,261,"Mikulin AM-3",816,16.8,0.2,241193,50,2000,38591,2750,35000,330,2,2,1,3,"assets/img/aircraft/png/tu104.png",35,40
268,"f271","Fokker","F27-100","pax",0,262,"RR Dart Mk 528",494.4,20.33,0.24,748000,44,2000,13484,1315,25000,360,2,2,1,3,"assets/img/aircraft/png/f27.png",29,25
268,"f271","Fokker","F27-100","pax",1,263,"RR Dart 6 Mk.514-7",465.6,18.05,0.24,748000,44,2000,13484,1315,25000,360,2,2,1,3,"assets/img/aircraft/png/f27.png",29,25
269,"f272","Fokker","F27-200","pax",0,264,"RR Dart Mk 532",451.2,16,0.2,135138,40,2000,20271,1926,25000,350,2,2,1,3,"assets/img/aircraft/png/f27.png",29,25
270,"f274","Fokker","F27-400","pax",0,265,"RR Dart 7",412.23,17.1,0.24,680000,40,2000,13123,1468,25000,360,2,2,1,3,"assets/img/aircraft/png/f27.png",29,25
271,"f275","Fokker","F27-500","pax",0,266,"RR Dart Mk.532-7",574.98,18.53,0.21,336145,52,2000,43699,1826,25000,380,2,2,1,3,"assets/img/aircraft/png/f27.png",29,27
271,"f275","Fokker","F27-500","pax",1,262,"RR Dart Mk 528",533.54,18.19,0.21,336145,52,2000,43699,1826,25000,380,2,2,1,3,"assets/img/aircraft/png/f27.png",29,27
271,"f275","Fokker","F27-500","pax",2,267,"RR Dart 7 Mk.536-7R",481.74,15.64,0.21,336145,52,2000,43699,1826,25000,380,2,2,1,3,"assets/img/aircraft/png/f27.png",29,27
272,"f276","Fokker","F27-600","pax",0,267,"RR Dart 7 Mk.536-7R",391.53,14.72,0.2,127943,44,2000,16633,1890,25000,350,2,2,1,3,"assets/img/aircraft/png/f27.png",29,25
273,"f281","Fokker","F28-1000","pax",0,268,"RR RB183-2 ""Spey"" Mk555-15",908.43,10.2,0.12,660013,65,2000,82502,2000,25000,330,2,2,1,3,"assets/img/aircraft/png/f28.png",24,27
274,"f282","Fokker","F28-2000","pax",0,268,"RR RB183-2 ""Spey"" Mk555-15",908.43,10.2,0.12,1100175,79,2000,132021,2743,25000,350,2,2,1,3,"assets/img/aircraft/png/f28.png",24,30
275,"f283","Fokker","F28-3000","pax",0,268,"RR RB183-2 ""Spey"" Mk555-15",902.01,9.18,0.11,711521,65,2000,85383,1900,25000,390,2,2,1,3,"assets/img/aircraft/png/f28.png",25,27
276,"f284","Fokker","F28-4000","pax",0,269,"RR RB183-2 ""Spey"" Mk555-15P",944.16,10.4,0.12,814144,85,2000,87520,1900,25000,350,2,2,1,3,"assets/img/aircraft/png/f28.png",25,29
276,"f284","Fokker","F28-4000","pax",1,270,"RR RB183-2 ""Spey"" Mk555-15H  ",767.13,9.1,0.12,814144,85,2000,87520,1900,25000,350,2,2,1,3,"assets/img/aircraft/png/f28.png",25,29
277,"f286","Fokker","F28-6000","pax",0,270,"RR RB183-2 ""Spey"" Mk555-15H  ",767.13,9.1,0.12,707020,85,2000,77772,1650,25000,400,2,2,1,3,"assets/img/aircraft/png/f28.png",25,30
281,"tu104b","Tupolev","Tu-104B","pax",0,274,"Mikulin AM-3M-500 ",795.4,15.84,0.2,742545,100,2000,111382,2650,35000,350,2,3,1,4,"assets/img/aircraft/png/tu104.png",35,40
282,"tu104d","Tupolev","Tu-104D","pax",0,261,"Mikulin AM-3",765,14.7,0.18,698913,85,2000,108332,2750,35000,360,2,3,1,3,"assets/img/aircraft/png/tu104.png",35,40
283,"tu104a","Tupolev","Tu-104A","pax",0,261,"Mikulin AM-3",765,13.65,0.16,627900,70,2000,97325,2750,35000,320,2,2,1,3,"assets/img/aircraft/png/tu104.png",35,40
284,"tu110","Tupolev","Tu-110","pax",0,275,"Lyulka AL-7",898.9,17.44,0.2,1049234,100,2000,162631,3450,35000,360,3,3,1,4,"assets/img/aircraft/png/tu104.png",38,38
285,"tu124","Tupolev","Tu-124","pax",0,276,"Soloviev D-20P",972,11.44,0.14,562598,56,2000,80170,2100,35000,380,2,2,1,2,"assets/img/aircraft/png/tu104.png",26,31
287,"car3","Sud Aviation","Caravelle III","pax",0,278,"RA-29 Mk.531",885.5,11.88,0.14,581947,80,7700,87292,1700,35000,350,3,2,1,2,"assets/img/aircraft/png/caravelle10b.png",34,32
287,"car3","Sud Aviation","Caravelle III","pax",1,279,"RA-29 Mk.531B",740.6,10.34,0.14,581947,80,7700,87292,1700,35000,350,3,2,1,2,"assets/img/aircraft/png/caravelle10b.png",34,32
288,"car4n","Sud Aviation","Caravelle IV-N","pax",0,280,"RA-29 Mk.531 RA-29 Mk. 531B",760.5,10.34,0.14,844429,80,7800,124553,2350,35000,320,3,2,1,2,"assets/img/aircraft/png/caravelle10b.png",34,32
289,"car4r","Sud Aviation","Caravelle IV-R","pax",0,281,"RA-29 Mk.533R",828.1,10.67,0.14,826463,80,7800,119837,2300,35000,380,3,2,1,2,"assets/img/aircraft/png/caravelle10b.png",34,32
290,"car10r","Sud Aviation","Caravelle 10R","pax",0,282,"P&W JT8D-7",896,10.4,0.12,1322298,80,7500,178510,3455,35000,360,3,2,1,2,"assets/img/aircraft/png/caravelle10b.png",34,32
291,"car11r","Sud Aviation","Caravelle 11R","pax",0,282,"P&W JT8D-7",896,10.4,0.12,1089317,99,7550,141611,2300,35000,350,3,3,1,2,"assets/img/aircraft/png/caravelle10b.png",34,33
292,"car10b","Sud Aviation","Caravelle 10B","pax",0,282,"P&W JT8D-7",924,11.44,0.14,1220219,105,7500,167780,2650,35000,320,3,3,1,3,"assets/img/aircraft/png/caravelle10b.png",34,33
293,"car12","Sud Aviation","Caravelle 12","pax",0,283,"P&W JT8D-9",924,13.65,0.16,1740539,140,7600,208865,3465,35000,340,3,3,2,3,"assets/img/aircraft/png/caravelle12.png",36,34
294,"n262","Aerospatiale","N262","pax",0,284,"Turbomeca Bastan VI C Turboprop",345.6,16.49,0.21,493000,29,2000,5483,1100,20000,370,2,1,1,3,"assets/img/aircraft/png/n262.png",22,19
295,"sn601","Aerospatiale","SN-601 Corvette","pax",0,285,"P&W JT15D-4",684,7.6,0.1,149020,14,2000,17510,2555,29000,360,2,1,1,2,"assets/img/aircraft/png/sn601.png",13,14
298,"tu2043","Tupolev","Tu-204-300","pax",0,249,"Aviadvigatel PS-90A",833,12.74,0.16,5991344,164,2000,359481,5800,35000,490,3,6,2,4,"assets/img/aircraft/png/tu204.png",42,40
299,"b73max9","Boeing","B737 MAX 9","pax",0,286,"CFM LEAP-1B",880.95,7.21,0.09,18849600,200,7550,376992,7000,40000,500,2,4,2,2,"assets/img/aircraft/png/737max9.png",36,42
300,"a32neo","Airbus","A320-NEO","pax",0,288,"PW PW1100G",892.5,7.07,0.09,14770196,164,6500,295404,7000,40000,540,2,4,2,2,"assets/img/aircraft/png/a320.png",34,37
300,"a32neo","Airbus","A320-NEO","pax",1,287,"CFM LEAP-X",884,7.7,0.09,14770196,164,6500,295404,7000,40000,540,2,4,2,2,"assets/img/aircraft/png/a320.png",34,37
302,"cs100","Bombardier","C S100","pax",0,290,"PW1519G",904.7,13.2,0.15,2697150,110,4449,53943,5463,40000,550,2,4,2,4,"assets/img/aircraft/png/bcs100.png",35,35
302,"cs100","Bombardier","C S100","pax",1,292,"PW1524G",904.7,12.96,0.15,2697150,110,4449,53943,5463,40000,550,2,4,2,4,"assets/img/aircraft/png/bcs100.png",35,35
302,"cs100","Bombardier","C S100","pax",2,291,"PW1521G",854.9,12.72,0.15,2697150,110,4449,53943,5463,40000,550,2,4,2,4,"assets/img/aircraft/png/bcs100.png",35,35
303,"cs300","Bombardier","C S300","pax",0,292,"PW1524G",904.7,15.12,0.18,4984356,135,4800,99687,5463,40000,500,2,6,2,4,"assets/img/aircraft/png/bcs300.png",35,39
303,"cs300","Bombardier","C S300","pax",1,291,"PW1521G",854.9,14.84,0.18,4984356,135,4800,99687,5463,40000,500,2,6,2,4,"assets/img/aircraft/png/bcs300.png",35,39
304,"b778x","Boeing","B777-8X","pax",0,293,"GE9X",950.6,19.6,0.25,77983382,350,9000,1559668,16100,40000,500,2,15,6,16,"assets/img/aircraft/png/b777-300.png",72,70
305,"b779x","Boeing","B777-9X","pax",0,293,"GE9X",931.2,21.56,0.28,91150989,406,9000,1823020,14500,40000,540,2,15,6,16,"assets/img/aircraft/png/b777-300.png",72,77
306,"a321neo","Airbus","A321-NEO","pax",0,288,"PW PW1100G",892.5,10.1,0.12,22760999,189,6500,455220,7250,40000,550,2,4,2,2,"assets/img/aircraft/png/a320.png",34,44
306,"a321neo","Airbus","A321-NEO","pax",1,287,"CFM LEAP-X",884,11,0.12,22760999,189,6500,455220,7250,40000,550,2,4,2,2,"assets/img/aircraft/png/a320.png",34,44
307,"a338","Airbus","A330-800neo","pax",0,294,"RR Trent 7000",800.8,12,0.15,85325684,406,9500,1706514,13900,40000,510,2,10,2,3,"assets/img/aircraft/png/a330-neo.png",64,58
308,"a339","Airbus","A330-900neo","pax",0,294,"RR Trent 7000",800.8,13,0.16,109315468,440,9950,2186309,12130,40000,510,2,10,2,3,"assets/img/aircraft/png/a330-neo.png",64,64
309,"e175e2","Embraer","E175-E2","pax",0,295,"PW1715G",965.7,11.33,0.14,3197562,80,4265,63951,3820,35000,500,2,2,1,1,"assets/img/aircraft/png/e175.png",31,33
310,"e190e2","Embraer","E190-E2","pax",0,296,"PW1919G",930.9,11.77,0.14,3387562,97,4314,67751,3820,35000,510,2,2,1,1,"assets/img/aircraft/png/e190.png",34,36
310,"e190e2","Embraer","E190-E2","pax",1,298,"PW1922G",904.8,11.11,0.14,3387562,97,4314,67751,3820,35000,510,2,2,1,1,"assets/img/aircraft/png/e190.png",34,36
310,"e190e2","Embraer","E190-E2","pax",2,297,"PW1921G",843.9,10.78,0.14,3387562,97,4314,67751,3820,35000,510,2,2,1,1,"assets/img/aircraft/png/e190.png",34,36
310,"e190e2","Embraer","E190-E2","pax",3,299,"PW1923G",783,10.67,0.14,3387562,97,4314,67751,3820,35000,510,2,2,1,1,"assets/img/aircraft/png/e190.png",34,36
311,"e195e2","Embraer","E195-E2","pax",0,296,"PW1919G",930.9,13.91,0.16,4216798,120,4593,84336,3820,35000,550,2,3,1,2,"assets/img/aircraft/png/e195.png",35,41
311,"e195e2","Embraer","E195-E2","pax",1,298,"PW1922G",904.8,13.13,0.16,4216798,120,4593,84336,3820,35000,550,2,3,1,2,"assets/img/aircraft/png/e195.png",35,41
311,"e195e2","Embraer","E195-E2","pax",2,297,"PW1921G",843.9,12.74,0.16,4216798,120,4593,84336,3820,35000,550,2,3,1,2,"assets/img/aircraft/png/e195.png",35,41
311,"e195e2","Embraer","E195-E2","pax",3,299,"PW1923G",783,12.61,0.16,4216798,120,4593,84336,3820,35000,550,2,3,1,2,"assets/img/aircraft/png/e195.png",35,41
312,"b73max8","Boeing","B737 MAX 8","pax",0,286,"CFM LEAP-1B",880.95,7.21,0.09,18011300,180,7500,360226,6500,40000,520,2,3,2,2,"assets/img/aircraft/png/737max.png",36,40
313,"b73max7","Boeing","B737 MAX 7","pax",0,286,"CFM LEAP-1B",880.95,7.21,0.09,17346513,160,7300,346930,6850,40000,550,2,3,2,2,"assets/img/aircraft/png/737max.png",36,35
314,"b73max10","Boeing","B737 MAX 10","pax",0,286,"CFM LEAP-1B",880.95,7.21,0.1,19649600,225,7600,400000,7000,40000,450,2,5,2,2,"assets/img/aircraft/png/737max10.png",36,44
315,"a321x1r","Airbus","A321-XLR","pax",0,288,"PW PW1100G",919.8,14.14,0.16,29990999,220,7500,510000,8900,42000,500,2,4,2,2,"assets/img/aircraft/png/a321.png",34,44
315,"a321x1r","Airbus","A321-XLR","pax",1,287,"CFM LEAP-X",911.04,15.4,0.16,29990999,220,7500,510000,8900,42000,500,2,4,2,2,"assets/img/aircraft/png/a321.png",34,44
316,"praetor5","Embraer","Praetor 500","pax",0,162,"HTF7500E",836.55,7.6,0.11,198115,7,2000,17108,6186,40000,400,2,1,1,1,"assets/img/aircraft/png/legacy600.png",21,21
317,"praetor6","Embraer","Praetor 600","pax",0,33,"RR AE3007",794.3,8,0.12,218115,8,2000,17108,7441,42000,400,2,1,1,1,"assets/img/aircraft/png/legacy600.png",21,21
318,"a400m","Airbus","A400M","cargo",0,2,"GE CF6-80C2b5F",826.8,24.24,0.16,12823606,81600,3215,1648320,3298,42000,400,4,0,1,6,"assets/img/aircraft/png/a400m.png",0,0
318,"a400m","Airbus","A400M","cargo",1,300,"Europrop TP400-D6",780,24,0.16,12823606,81600,3215,1648320,3298,42000,400,4,0,1,6,"assets/img/aircraft/png/a400m.png",0,0
318,"a400m","Airbus","A400M","cargo",2,3,"RR RB211-524",772.2,23.76,0.16,12823606,81600,3215,1648320,3298,42000,400,4,0,1,6,"assets/img/aircraft/png/a400m.png",0,0
318,"a400m","Airbus","A400M","cargo",3,1,"PW4062",756.6,23.04,0.16,12823606,81600,3215,1648320,3298,42000,400,4,0,1,6,"assets/img/aircraft/png/a400m.png",0,0
320,"b781","Boeing","B787-10","pax",0,303,"General Electric GEnx",859.95,18.62,0.21,72795638,440,8000,3457793,12000,42000,400,3,11,3,10,"assets/img/aircraft/png/787-10.png",0,0
320,"b781","Boeing","B787-10","pax",1,31,"RR Trent 1000",859.95,18.05,0.21,72795638,440,8000,3457793,12000,42000,400,3,11,3,10,"assets/img/aircraft/png/787-10.png",0,0
321,"a319neo","Airbus","A319NEO","pax",0,305," PW PW1100G",949.05,11,0.08,6845472,160,6000,325160,6950,39800,400,2,5,2,4,"assets/img/aircraft/png/A319neo.png",0,0
321,"a319neo","Airbus","A319NEO","pax",1,304,"LEAP-1A",812.25,10.45,0.08,6845472,160,6000,325160,6950,39800,400,2,5,2,4,"assets/img/aircraft/png/A319neo.png",0,0
322,"a221","Airbus","A220-100","pax",0,306,"PW1525G",966.81,10.6,0.09,3234528,135,4790,153640,5750,41000,400,2,3,3,2,"assets/img/aircraft/png/A220.png",0,0
322,"a221","Airbus","A220-100","pax",1,290,"PW1519G",949.39,11,0.09,3234528,135,4790,153640,5750,41000,400,2,3,3,2,"assets/img/aircraft/png/A220.png",0,0
322,"a221","Airbus","A220-100","pax",2,292,"PW1524G",949.39,10.8,0.09,3234528,135,4790,153640,5750,41000,400,2,3,3,2,"assets/img/aircraft/png/A220.png",0,0
322,"a221","Airbus","A220-100","pax",3,291,"PW1521G",897.13,10.6,0.09,3234528,135,4790,153640,5750,41000,400,2,3,3,2,"assets/img/aircraft/png/A220.png",0,0
323,"a223","Airbus","A220-300","pax",0,306,"PW1525G",966.81,12.72,0.1,5619831,160,4900,266942,6110,41000,400,2,5,3,4,"assets/img/aircraft/png/A220.png",0,0
323,"a223","Airbus","A220-300","pax",1,290,"PW1519G",949.39,13.2,0.1,5619831,160,4900,266942,6110,41000,400,2,5,3,4,"assets/img/aircraft/png/A220.png",0,0
323,"a223","Airbus","A220-300","pax",2,292,"PW1524G",949.39,12.96,0.1,5619831,160,4900,266942,6110,41000,400,2,5,3,4,"assets/img/aircraft/png/A220.png",0,0
323,"a223","Airbus","A220-300","pax",3,291,"PW1521G",897.13,12.72,0.1,5619831,160,4900,266942,6110,41000,400,2,5,3,4,"assets/img/aircraft/png/A220.png",0,0
324,"b350i","Beechcraft","King Air 350i","pax",0,115,"Pratt & Whitney Canada PT6A-66",626.4,16.16,0.15,187000,11,3300,8883,3340,35000,400,2,1,1,1,"assets/img/aircraft/png/kingair.png",0,0
325,"c919","COMAC","C919","pax",0,307,"LEAP-1C",979.7,11.44,0.12,6517748,168,5200,309593,5555,40000,400,2,3,1,4,"assets/img/aircraft/png/c919.png",0,0
326,"mercure","Dassault Aviation","Dassault Mercure","pax",0,308,"PWJT9D-25W",832.5,25.22,0.25,8434010,150,2000,20615,1700,39000,400,2,4,2,1,"assets/img/aircraft/png/dm.png",0,0
327,"falcon2","Dassault Aviation","Falcon 2000","pax",0,309,"GE CFE738-1-1B",1039.5,18.62,0.2,1393600,19,5436,2156196,5790,47000,400,2,2,1,1,"assets/img/aircraft/png/falcon2000.png",0,0
328,"falcon2l","Dassault Aviation","Falcon 2000LX","pax",0,310,"PW308C",1092,23.1,0.22,1104727,19,5436,2379975,7400,47000,400,2,2,1,1,"assets/img/aircraft/png/falcon2000lx.png",0,0
329,"m404","Martin","4-0-4","pax",0,311,"PW R-2800-CB16",466.86,14.88,0.15,680000,40,1980,32300,1800,2900,400,2,4,2,2,"assets/img/aircraft/png/martin404.png",0,0
330,"m202","Martin","2-0-2","pax",0,272,"PW R-2800-CA18",510,19.57,0.16,680000,40,1565,32300,2900,23000,400,2,4,2,1,"assets/img/aircraft/png/martin202.png",0,0
331,"sjm90","Mitsubishi","Spacejet M90","pax",0,295,"PW1715G",1123.32,12.36,0.12,3387562,92,5710,10374061,3770,39000,400,2,5,2,2,"assets/img/aircraft/png/spacejetm90.png",0,0
332,"sjm100","Mitsubishi","Spacejet M100","pax",0,295,"PW1715G",1123.32,13.39,0.14,5071399,88,5770,8600891,3540,39000,400,2,5,2,2,"assets/img/aircraft/png/spacejetm90.png",0,0
333,"mc212","Irkut","MC-21-200","pax",0,312,"PW1400G",1095.57,14.42,0.13,4522716,162,6400,214829,5000,38000,400,2,7,3,3,"assets/img/aircraft/png/mc21300.png",0,0
334,"mc213","Irkut","MC-21-300","pax",0,312,"PW1400G",1095.57,17.51,0.14,4552276,198,6600,216233,5000,38000,400,2,8,3,3,"assets/img/aircraft/png/mc21300.png",0,0
335,"b74sp","Boeing","B747SP","pax",0,3,"RR RB211-524",990,21.78,0.26,40824000,350,7545,1939140,10800,45000,400,3,11,2,6,"assets/img/aircraft/png/747sp.png",0,0
335,"b74sp","Boeing","B747SP","pax",1,75,"PW JT9D7A",980,20.24,0.26,40824000,350,7545,1939140,10800,45000,400,3,11,2,6,"assets/img/aircraft/png/747sp.png",0,0
335,"b74sp","Boeing","B747SP","pax",2,48,"RR RB211-524B",980,21.12,0.26,40824000,350,7545,1939140,10800,45000,400,3,11,2,6,"assets/img/aircraft/png/747sp.png",0,0
335,"b74sp","Boeing","B747SP","pax",3,76,"PW JT9D7F",970,20.24,0.26,40824000,350,7545,1939140,10800,45000,400,3,11,2,6,"assets/img/aircraft/png/747sp.png",0,0
336,"b721","Boeing","B727-100","pax",0,313," PW JT8D-9",1009.34,13,0.17,1364217,131,8300,64800,3056,37500,400,2,6,2,4,"assets/img/aircraft/png/727-100.png",0,0
336,"b721","Boeing","B727-100","pax",1,212,"PW JT8D-7",916.74,12.48,0.17,1364217,131,8300,64800,3056,37500,400,2,6,2,4,"assets/img/aircraft/png/727-100.png",0,0
337,"f100","Fokker","F100","pax",0,315,"RR Tay Mk.650-15",694.6,20.68,0.16,861279,122,6000,40911,4300,39000,400,2,5,2,6,"assets/img/aircraft/png/f100.png",0,0
338,"bae1463","British Aerospace","BAe 146-300","pax",0,21,"Honeywell ALF 502R-5",702,17.67,0.24,527912,112,3921,25076,2400,40000,400,2,4,2,3,"assets/img/aircraft/png/bae146.png",0,0
339,"cv88","Convair","CV-880","pax",0,317,"GE-CJ-805-3B",1028.56,22.66,0.22,1096733,110,8050,52095,4636,41000,400,2,4,2,3,"assets/img/aircraft/png/cv880.png",0,0
339,"cv88","Convair","CV-880","pax",1,316,"GE CJ-805-3",979.11,21.12,0.22,1096733,110,8050,52095,4636,41000,400,2,4,2,3,"assets/img/aircraft/png/cv880.png",0,0
340,"cv99a","Convair","CV-990A","pax",0,318,"GE CJ-805-23B",999.1,23.04,0.25,6211896,149,5350,13120065,5785,41000,400,2,5,2,3,"assets/img/aircraft/png/cv880.png",0,0
341,"g7500","Bombardier","Global 7500","pax",0,319,"General Electric Passport",897.7,8.37,0.06,630386,19,5800,29943,14260,51000,400,2,4,2,2,"assets/img/aircraft/png/global7500.png",0,0
342,"g8000","Bombardier","Global 8000","pax",0,319,"General Electric Passport",897.7,7.44,0.06,651042,17,5820,30924,14631,51000,400,2,3,2,2,"assets/img/aircraft/png/global7500.png",0,0
343,"b377","Boeing","B377 Stratocruiser","pax",0,320,"PW R-4360",573.8,29,0.3,788066,117,8600,37433,6760,32000,400,2,9,3,9,"assets/img/aircraft/png/stratocruiser.png",0,0
344,"mc214","Irkut","MC-21-400","pax",0,312,"PW1400G",1095.57,19.57,0.16,5204503,230,6800,247214,5500,38000,400,2,9,4,4,"assets/img/aircraft/png/mc21300.png",0,0
345,"sj1060","Sukhoi","Superjet 100-60","pax",0,44,"SaM146",1016.61,17.12,0.11,1642969,68,4900,30541,3204,41000,400,2,4,2,3,"assets/img/aircraft/png/superjet.png",0,0
346,"sj1075","Sukhoi","Superjet 100-75","pax",0,44,"SaM146",1016.61,19.26,0.13,1593374,78,4970,28185,2900,41000,400,2,5,2,3,"assets/img/aircraft/png/superjet.png",0,0
347,"sj1095lr","Sukhoi","Superjet 100-95LR","pax",0,44,"SaM146",1016.61,20.33,0.15,4114953,98,6730,52960,4578,41000,400,2,6,3,3,"assets/img/aircraft/png/superjet.png",0,0
348,"d3281","Dornier","328-100","pax",0,234,"PW119B",638.6,12.6,0.19,561000,33,4485,26648,1310,25000,400,2,4,1,2,"assets/img/aircraft/png/328-100.png",0,0
349,"d32831j","Dornier","328-310JET","pax",0,254,"PW306B",710.4,12.74,0.22,561000,33,4485,26648,1980,32500,400,2,4,1,2,"assets/img/aircraft/png/328jet.png",0,0
350,"d428j","Dornier","428JET","pax",0,254,"PW306B",710.4,14.56,0.24,748000,44,4530,35530,1665,32500,400,2,5,2,2,"assets/img/aircraft/png/328jet.png",0,0
351,"l11015","Lockheed","L-1011-500","pax",0,48,"RR RB211-524B",876.12,19.2,0.25,33120715,315,9400,1573234,9900,44500,400,2,9,4,4,"assets/img/aircraft/png/l1011.png",0,0
352,"viscount","Vickers","Viscount","pax",0,321,"RR Dart 510",490.68,25,0.22,927749,75,5280,10818,3040,25000,400,2,6,2,2,"assets/img/aircraft/png/vickers.png",0,0
353,"a332f","Airbus","A330-200F","cargo",0,322," RR Trent 700",914.55,26.26,0.2,62565894,270000,9090,5454000,7400,40000,400,2,1,1,1,"assets/img/aircraft/png/a330-200f.png",0,0
353,"a332f","Airbus","A330-200F","cargo",1,14,"PW4000",862.29,26,0.2,62565894,270000,9090,5454000,7400,40000,400,2,1,1,1,"assets/img/aircraft/png/a330-200f.png",0,0
355,"an124","Antonov","An-124","cargo",0,323,"Ivchenko Progress D-18T",884,37.45,0.2,196564896,330000,9500,6666000,5400,40000,400,4,2,2,6,"assets/img/aircraft/png/an124.png",0,0
356,"a306f","Airbus","A300-600F","cargo",0,324,"GE CF5-50A",762.68,41.58,0.18,39465463,195000,7625,3939000,4850,40000,400,3,1,2,11,"assets/img/aircraft/png/a300.png",0,0
357,"a313f","Airbus","A310-300F","cargo",0,69,"CF6-80C2A8",816,19.53,0.15,7936782,66000,6000,1333200,7330,40000,400,2,1,2,2,"assets/img/aircraft/png/a310.png",0,0
357,"a313f","Airbus","A310-300F","cargo",1,68,"CF6-80C2A2",765,20.58,0.15,7936782,66000,6000,1333200,7330,40000,400,2,1,2,2,"assets/img/aircraft/png/a310.png",0,0
358,"a388f","Airbus","A380-800F","cargo",0,325,"GP7277",945,30.72,0.2,298765348,330000,9680,6666000,10400,42000,400,2,1,2,2,"assets/img/aircraft/png/a380.png",0,0
358,"a388f","Airbus","A380-800F","cargo",1,326,"Trent 977/B",907.2,28.8,0.2,298765348,330000,9680,6666000,10400,42000,400,2,1,2,2,"assets/img/aircraft/png/a380.png",0,0
359,"an225","Antonov","AN-225","cargo",0,327,"ZMKB Progress D-18",824,69,0.29,659923421,550000,10500,11110000,4000,35000,400,3,3,4,3,"assets/img/aircraft/png/an225.png",0,0
360,"b722f","Boeing","B727-200F","cargo",0,282,"P&W JT8D-7",896,35.36,0.21,6766000,39800,6450,803960,4400,35000,400,3,2,2,2,"assets/img/aircraft/png/b727.png",0,0
360,"b722f","Boeing","B727-200F","cargo",1,283,"P&W JT8D-9",896,35.7,0.21,6766000,39800,6450,803960,4400,35000,400,3,2,2,2,"assets/img/aircraft/png/b727.png",0,0
360,"b722f","Boeing","B727-200F","cargo",2,329,"P&W JT8D-17",752,34,0.21,6766000,39800,6450,803960,4400,35000,400,3,2,2,2,"assets/img/aircraft/png/b727.png",0,0
360,"b722f","Boeing","B727-200F","cargo",3,328,"P&W JT8D-15",728,31.28,0.21,6766000,39800,6450,803960,4400,35000,400,3,2,2,2,"assets/img/aircraft/png/b727.png",0,0
361,"b752f","Boeing","B757-200F","cargo",0,330," PW2037",926.5,33.92,0.22,22546869,127480,7800,2575096,5834,35000,400,2,2,1,2,"assets/img/aircraft/png/757-200f.png",0,0
361,"b752f","Boeing","B757-200F","cargo",1,27,"PW2043",867,34.56,0.22,22546869,127480,7800,2575096,5834,35000,400,2,2,1,2,"assets/img/aircraft/png/757-200f.png",0,0
361,"b752f","Boeing","B757-200F","cargo",2,24,"RR RB211",799,32,0.22,22546869,127480,7800,2575096,5834,35000,400,2,2,1,2,"assets/img/aircraft/png/757-200f.png",0,0
361,"b752f","Boeing","B757-200F","cargo",3,26,"PW2040",773.5,28.8,0.22,22546869,127480,7800,2575096,5834,35000,400,2,2,1,2,"assets/img/aircraft/png/757-200f.png",0,0
362,"b763f","Boeing","B767-300F","cargo",0,331,"PW4000-94",936.1,37.37,0.22,50654635,220000,7800,4444000,2410,38000,400,2,2,1,1,"assets/img/aircraft/png/b767.png",0,0
362,"b763f","Boeing","B767-300F","cargo",1,51,"RR RB211-524H",936.1,37.37,0.22,50654635,220000,7800,4444000,2410,38000,400,2,2,1,1,"assets/img/aircraft/png/b767.png",0,0
362,"b763f","Boeing","B767-300F","cargo",2,332,"CF6-80C2",765.9,33.67,0.22,50654635,220000,7800,4444000,2410,38000,400,2,2,1,1,"assets/img/aircraft/png/b767.png",0,0
363,"b744f","Boeing","B747-400F","cargo",0,333,"RB211-524",1009.12,39.78,0.2,126598733,300000,10250,6060000,8230,42000,400,2,2,2,1,"assets/img/aircraft/png/747f.png",0,0
363,"b744f","Boeing","B747-400F","cargo",1,1,"PW4062",873.97,37.44,0.2,126598733,300000,10250,6060000,8230,42000,400,2,2,2,1,"assets/img/aircraft/png/747f.png",0,0
363,"b744f","Boeing","B747-400F","cargo",2,83,"CF6-80C2B5F",810.9,35.88,0.2,126598733,300000,10250,6060000,8230,42000,400,2,2,2,1,"assets/img/aircraft/png/747f.png",0,0
364,"b77f","Boeing","B777 Freighter","cargo",0,334,"GE90-110B1",932.15,35.64,0.19,105984326,285000,9000,5757000,9070,40000,400,2,2,1,1,"assets/img/aircraft/png/b777freighter.png",0,0
365,"dc3","McDonnell Douglas","DC3","cargo",0,336,"PW S1C3G",259.2,30.45,0.2,850000,6900,4500,139380,1650,16500,400,3,1,2,3,"assets/img/aircraft/png/dc3.png",0,0
365,"dc3","McDonnell Douglas","DC3","cargo",1,335,"WR-1820",247.2,29,0.2,850000,6900,4500,139380,1650,16500,400,3,1,2,3,"assets/img/aircraft/png/dc3.png",0,0
366,"dc9","McDonnell Douglas","DC9","cargo",0,337,"PW JT8D-5",904.96,34.68,0.21,1105000,11950,6500,241390,3030,17500,400,2,2,2,2,"assets/img/aircraft/png/dc9.png",0,0
366,"dc9","McDonnell Douglas","DC9","cargo",1,212,"PW JT8D-7",887.04,32.64,0.21,1105000,11950,6500,241390,3030,17500,400,2,2,2,2,"assets/img/aircraft/png/dc9.png",0,0
367,"il76d","Ilyushin","Il-76D","cargo",0,338,"Soloviev D-30 KP",846,34.04,0.21,14598539,90000,8500,1818000,3650,38500,400,2,2,2,2,"assets/img/aircraft/png/il76.png",0,0
368,"il96t","Ilyushin","Il-96T","cargo",0,339,"PW2337",852.6,35.88,0.19,42065468,202643,8560,4093389,5000,39900,400,2,2,2,2,"assets/img/aircraft/png/il96.png",0,0
368,"il96t","Ilyushin","Il-96T","cargo",1,340,"PS-90A1",826.5,38.61,0.19,42065468,202643,8560,4093389,5000,39900,400,2,2,2,2,"assets/img/aircraft/png/il96.png",0,0
369,"b377sg","Boeing","B-377-SG","cargo",0,341,"Allison 501-D22C",424.97,34.96,0.24,7103144,54500,10000,1100900,3219,22500,400,2,2,2,2,"assets/img/aircraft/png/b-377-sg.png",0,0
370,"b748f","Boeing","B747-8F","cargo",0,50,"GEnx-2B67",1002.33,26,0.2,135498765,303700,10250,6134740,14815,45000,400,2,1,1,1,"assets/img/aircraft/png/747-8.png",0,0
371,"a32vip","Airbus","A320-VIP","vip",0,287,"CFM LEAP-X",936,6.6,0.09,22760999,160,6500,295404,10000,44500,3500,2,5,2,2,"assets/img/aircraft/png/a320-vip.png",0,0
372,"a306st","Airbus","A300-600ST","cargo",0,334,"GE90-110B1",875.5,27,0.18,21999869,103617,10000,3121000,4632,35000,400,2,2,2,1,"assets/img/aircraft/png/beluga.png",0,0
373,"a359ulr","Airbus","A350-900ULR","pax",0,46,"RR Trent XWB",848.12,13.16,0.18,91723576,300,8760,1954321,18000,40000,350,2,10,3,4,"assets/img/aircraft/png/a350-900.png",67,70
374,"vc10","Vickers-Armstrongs","Vickers VC10","pax",0,233,"RR Conway Mk. 301",920.7,13,0.22,4500000,151,7500,20000,9410,43000,400,2,4,2,2,"assets/img/aircraft/png/vvc10.png",44,48
375,"gs700","GulfStream Aerospace","Gulf Stream G700","pax",0,342,"Rolls-Royce Pearl 700",983,9,0.22,650550,19,5700,6000,13900,51000,400,2,2,1,1,"assets/img/aircraft/png/gs700.png",31,33
376,"bae1463qt","British Aerospace","Bae-146-300QT","cargo",0,343,"Lycomming 502R-5",747,22,0.12,5800000,26455,5036,500000,3340,35000,400,2,1,1,1,"assets/img/aircraft/png/Bae-146-300QT.png",0,0
376,"bae1463qt","British Aerospace","Bae-146-300QT","cargo",1,21,"Honeywell ALF 502R-5",672.3,20.46,0.12,5800000,26455,5036,500000,3340,35000,400,2,1,1,1,"assets/img/aircraft/png/Bae-146-300QT.png",0,0
377,"b773ersf","Boeing","B777-300ERSF","cargo",0,30,"GE90-115B",972.28,32.32,0.19,110009500,295000,11000,2100000,15000,40000,400,2,2,1,2,"assets/img/aircraft/png/Boeing-777-300ER.png",0,0
